time,acceleration,brake_force,steering_angle,adas_event,hard_braking,sudden_acceleration,sharp_turn,ml_anomaly
0,0.9934283060224652,5,18.827977266798783,0,False,False,False,False
1,-0.2765286023423693,0,2.826240124461426,0,False,False,False,False
2,1.295377076201385,5,-1.8890845942025047,0,False,False,False,False
3,3.0460597128160507,0,-10.76227779121622,0,False,False,False,False
4,-0.4683067494466719,0,0.4466889485193582,0,False,False,False,False
5,-0.4682739138983611,0,-12.719698164830012,0,False,False,False,False
6,3.158425631014783,0,2.6102783493090587,0,False,False,False,False
7,1.5348694583058176,0,3.6860097438203066,0,False,False,False,False
8,-0.9389487718699042,0,-12.920755535351155,0,False,False,False,False
9,1.085120087171929,0,-13.206929472336087,0,False,False,False,False
10,-0.9268353856249244,5,14.43299031892676,0,False,False,False,False
11,-0.9314595071405136,10,-0.7928993143695047,0,False,False,False,False
12,0.4839245431320682,0,-11.71530643897336,0,False,False,False,False
13,-3.826560489315596,0,-5.557594525342785,0,False,False,False,False
14,-3.4498356650260655,5,-15.158911300599108,0,False,False,False,False
15,-1.1245750584819454,5,-1.0077537099287532,0,False,False,False,False
16,-2.0256622406688476,10,12.474424614967027,0,False,False,False,False
17,0.6284946651905478,0,-0.4150600139139208,0,False,False,False,False
18,-1.8160481510424225,0,35.45450165513077,0,False,False,True,False
19,-2.8246074026705834,0,6.320393520735023,0,False,False,False,False
20,9.790465184036732,0,3.4493167176331863,0,False,True,False,False
21,-0.4515526009730713,0,-13.62453196448709,0,False,False,False,False
22,0.1350564093758476,0,-3.5780017026400017,0,False,False,False,False
23,-2.8494963724269136,0,-11.685207645505384,0,False,False,False,False
24,-1.088765449050365,5,-32.484678426061855,0,False,False,True,False
25,0.2218451794197321,0,14.613933331932117,0,False,False,False,False
26,-2.3019871548446056,0,-7.671758333253466,0,False,False,False,False
27,0.7513960366913439,0,-11.406001114999592,0,False,False,False,False
28,-1.20127737983761,0,3.158550509376973,0,False,False,False,False
29,-0.5833874995865536,0,7.687493283322755,0,False,False,False,False
30,-1.2034132244587938,0,-4.8116224935941805,0,False,False,False,False
31,3.704556369017875,0,-0.0390250141352754,0,False,False,False,False
32,-0.0269944494758678,0,11.192811109716043,0,False,False,False,False
33,-2.1154218579118,0,-5.402903919149215,0,False,False,False,False
34,1.645089824206378,0,4.535006126450009,0,False,False,False,False
35,-2.4416872999420445,0,-24.888669275837252,0,False,False,False,False
36,0.4177271900095108,0,-18.61978497641623,0,False,False,False,False
37,-3.919340247759551,0,9.083096671206055,0,False,False,False,False
38,-2.656372097796861,5,-19.403379587509477,0,False,False,False,False
39,0.393722471738247,10,3.5120632066994415,0,False,False,False,False
40,1.4769331599908209,0,-2.2049817329560906,0,False,False,False,False
41,0.342736562379941,0,-5.467008937803432,0,False,False,False,False
42,-0.231296564776481,0,-12.426941534515922,0,False,False,False,False
43,-0.6022073911785776,0,13.640100271580636,0,False,False,False,False
44,-2.9570439807348547,0,25.948367317797533,0,False,False,False,False
45,-1.4396884167894173,0,4.502882439002916,0,False,False,False,False
46,-0.921277541919575,0,4.83736073509226,0,False,False,False,False
47,2.114244452437831,0,-10.234959447862416,0,False,False,False,False
48,0.6872365791369228,0,-17.9414584773657,0,False,False,False,False
49,-3.526080310725468,0,-0.5960835720926181,0,False,False,False,False
50,0.64816793878959,0,-14.60624471937114,0,False,False,False,False
51,-0.7701645608326331,0,-26.58915192473733,0,False,False,False,False
52,-1.3538440006119177,0,12.051687185483734,0,False,False,False,False
53,1.2233525776817358,20,12.782501823777496,1,True,False,False,False
54,2.061999044991902,0,-12.882581594296418,0,False,False,False,False
55,1.8625602382323971,0,3.6594648191886647,0,False,False,False,False
56,-1.678435046445277,0,15.0292840168765,0,False,False,False,False
57,-0.6184247517024292,0,3.0754003059281834,0,False,False,False,False
58,0.6625268628071279,10,-17.897319691481,0,False,False,False,False
59,1.9510902542447184,0,-3.49340119855648,0,False,False,False,False
60,-0.95834847569058,0,19.902141300629864,0,False,False,False,False
61,-0.3713179533276342,0,3.7053996540766936,0,False,False,False,False
62,-2.2126699480120564,10,8.08698154774208,0,False,False,False,False
63,-2.3924132481613416,5,5.124438290536715,0,False,False,False,False
64,1.625051644788396,0,-12.8326703696738,0,False,False,False,False
65,2.712480057141646,0,-9.312678289239642,0,False,False,False,False
66,-0.1440202431606677,0,5.0829773557761335,0,False,False,False,False
67,2.0070657957840483,0,12.25307670030612,0,False,False,False,False
68,0.7232720500952683,0,16.498574263768244,0,False,False,False,False
69,-1.2902395092102483,0,-12.871583171522904,0,False,False,False,False
70,5.727938610244995,0,6.496808020157905,0,False,True,False,False
71,3.0760731329319384,0,17.80566167578465,0,False,False,False,False
72,-0.071652078219903,0,-14.806226554320338,0,False,False,False,False
73,3.129287311628012,0,22.30120703699661,0,False,False,False,False
74,-5.239490208179489,5,24.58411241016285,0,False,False,False,False
75,1.6438050087504477,0,39.37629509432491,0,False,False,True,False
76,0.1740941364763426,0,3.464001612449921,0,False,False,False,False
77,-0.5980147009317357,5,3.546370143936729,0,False,False,False,False
78,0.1835215530710046,0,12.404915836759766,0,False,False,False,False
79,-3.9751378292017856,0,11.967040095741249,0,False,False,False,False
80,-0.4393437756750238,0,16.895502914934085,0,False,False,False,False
81,0.7142251430234928,0,11.760497706976556,0,False,False,False,False
82,2.955788089483032,10,-1.59092863557058,0,False,False,False,False
83,-1.0365404365472948,0,18.329956814602532,1,False,False,False,False
84,-1.6169872057863752,0,-16.068812245390884,0,False,False,False,False
85,-1.003514087169073,0,0.0877850508806463,0,False,False,False,False
86,1.8308042354041485,0,23.456034240746988,0,False,False,False,False
87,0.6575022193193689,0,-18.75369747180479,0,False,False,False,False
88,-1.0595204075340776,10,-10.162134854957444,0,False,False,False,False
89,1.0265348662267122,0,10.076209366159368,0,False,False,False,False
90,0.1941550986960807,5,5.908679598542285,0,False,False,False,False
91,1.9372899810657784,0,-13.125381114843671,0,False,False,False,False
92,-1.4041061877547047,0,-6.242910040952108,0,False,False,False,False
93,-0.6553242931955364,0,-17.711730939755086,0,False,False,False,False
94,-0.7842163062643153,0,14.707274992808584,0,False,False,False,False
95,-2.927029896264237,5,-3.8382203650579743,0,False,False,False,False
96,0.5922405541291521,5,26.882338661409484,0,False,False,False,False
97,0.5221105443597787,0,1.2165036606003223,0,False,False,False,False
98,0.0102269132849218,0,-3.2961045510431495,0,False,False,False,False
99,-0.4691742667502948,0,-4.75232641937696,0,False,False,False,False
100,-2.8307414841008285,0,-3.6629975278864313,0,False,False,False,False
101,-0.8412906455307181,0,1.6623164270070478,0,False,False,False,False
102,-0.685429033053539,0,37.686113648674784,0,False,False,True,False
103,-1.6045545384432378,0,-5.082895051490391,0,False,False,False,False
104,-0.3225714233320182,0,-4.595301911569642,0,False,False,False,False
105,0.8081017136290768,0,0.9839076852476792,0,False,False,False,False
106,3.772371802421061,0,16.354117595163903,0,False,False,False,False
107,0.3491556256636779,0,-21.314768416091688,0,False,False,False,False
108,0.515100781445528,0,6.826391053644679,0,False,False,False,False
109,-0.1488918315323342,0,-12.26137764031743,0,False,False,False,False
110,-3.837542430598083,0,8.299090334264235,0,False,False,False,False
111,-0.0530277508984337,0,-7.406399135406843,0,False,False,False,False
112,0.1204604198820528,0,-34.5615350963593,0,False,False,True,False
113,4.926484224970572,0,5.543664040312279,0,False,False,False,False
114,-0.384721929562245,0,5.41717155520303,0,False,False,False,False
115,0.6030946846672249,0,-8.686204627191447,0,False,False,False,False
116,-0.0694235394104866,0,-9.575157902145037,0,False,False,False,False
117,-2.337356075239064,5,-19.67059087631479,0,False,False,False,False
118,2.285645629030041,0,11.596499123083069,0,False,False,False,False
119,1.5038660653735485,0,13.233236737002116,0,False,False,False,False
120,1.5820638940860938,0,-13.185763277638353,0,False,False,False,False
121,-1.818774909589478,0,-8.099016893082766,0,False,False,False,False
122,2.8055886218721984,0,-0.949336817084452,0,False,False,False,False
123,-2.8037021255845618,0,34.0629792155332,0,False,False,True,False
124,1.1737141876005406,0,8.176826213833982,0,False,False,False,False
125,4.380911251619957,0,-14.15123272512569,0,False,False,False,False
126,-1.981072650261377,0,4.556704642357581,0,False,False,False,False
127,-1.1325954592055438,0,-20.650373109571223,0,False,False,False,False
128,0.1993027301752824,0,10.769854648742562,0,False,False,False,False
129,-1.0069513082323984,0,25.13321090316728,0,False,False,False,False
130,-3.1013268621322654,0,25.196875276259377,0,False,False,False,False
131,0.1371259496120546,0,11.023402552115082,0,False,False,False,False
132,-2.1246074274522098,0,-8.751185338021944,0,False,False,False,False
133,0.9471848612703632,10,-19.51352634771189,0,False,False,False,False
134,-1.8388484684676067,0,-21.003075650536637,0,False,False,False,False
135,12.193797026820548,0,-42.09325664247815,0,False,True,True,True
136,-1.5665065846724742,0,10.407836445118823,0,False,False,False,False
137,-0.6441230324113512,0,-1.542532803365992,0,False,False,False,False
138,1.6270344347393395,0,13.638242496796911,0,False,False,False,False
139,-2.4617286328679104,0,21.42047227852182,0,False,False,False,False
140,0.4549198692082588,0,1.4985831585361464,0,False,False,False,False
141,2.614285508564856,0,2.1894241456972527,0,False,False,False,False
142,-3.214966469122455,0,-6.964805167461995,0,False,False,False,False
143,0.3692677170646084,0,33.05282777037523,0,False,False,True,False
144,0.519765588496847,0,10.92704868709401,0,False,False,False,False
145,1.56364574355462,0,-2.615625455479657,0,False,False,False,False
146,-2.473901421756164,0,-4.785115001292358,0,False,False,False,False
147,-2.6409132261685526,0,-0.2747528916427675,0,False,False,False,False
148,1.0438831312337953,0,13.294952940923844,0,False,False,False,False
149,0.5939693464663721,20,-10.38992336745154,0,True,False,False,True
150,0.5009857006917533,0,-0.997927763280488,0,False,False,False,False
151,0.6928964189939517,0,3.679167566676439,0,False,False,False,False
152,-1.3600494431569816,0,17.40332855377859,0,False,False,False,False
153,0.4645073943220071,0,-3.5894516519912827,0,False,False,False,False
154,0.5861449465973625,0,-10.767350790775833,0,False,False,False,False
155,-1.4287028360527356,0,-7.265414164085333,0,False,False,False,False
156,3.731549022289513,0,15.795861495230689,0,False,False,False,False
157,0.947665841823575,0,30.499579479051967,0,False,False,True,False
158,-2.382606994405297,0,-19.706367205290498,0,False,False,False,False
159,1.3131072172676594,0,-16.429524226047857,0,False,False,False,False
160,-1.9493633404546429,0,-2.5319518005321866,0,False,False,False,False
161,1.574169207484904,0,1.664341441020656,0,False,False,False,False
162,2.317191158014808,0,11.80454348332493,0,False,False,False,False
163,-1.641364636703421,0,-13.366995129022296,0,False,False,False,False
164,1.9267522584886436,0,-15.946635549741965,0,False,False,False,False
165,0.8255618538729966,0,2.0713072970044477,0,False,False,False,False
166,1.64412031998898,0,-3.876010803107526,0,False,False,False,False
167,3.7935859653078943,0,13.900814966572872,0,False,False,False,False
168,-0.490776232005741,0,7.310397047855756,0,False,False,False,False
169,-1.5074723287149792,0,8.330690214498283,0,False,False,False,False
170,-1.7790288592510466,0,-1.5672201956529983,0,False,False,False,False
171,-1.6316205699308766,0,35.33370387852309,0,False,False,True,False
172,-0.1542034188282082,0,-12.5662197239064,0,False,False,False,False
173,0.682303949633287,0,9.162147506321626,0,False,False,False,False
174,0.5533815986600381,5,-19.04534980609661,0,False,False,False,False
175,1.6543664980720476,0,-16.102015166091785,0,False,False,False,False
176,0.026003783755814,0,-9.110183981481825,0,False,False,False,False
177,2.9070681543146337,0,24.43985004927039,0,False,False,False,False
178,-0.5293136664759122,0,3.958416456810286,0,False,False,False,False
179,5.440338333179238,0,-8.857171028165629,0,False,True,False,False
180,1.2513346955300124,0,5.6165448893185985,0,False,False,False,False
181,-1.714315112832565,5,0.5272182213676285,0,False,False,False,False
182,-2.1417849961222246,0,-7.379600537086796,0,False,False,False,False
183,0.9649448304863706,0,-20.949432836823412,0,False,False,False,False
184,-0.4469255706517017,0,21.57813726768435,1,False,False,False,False
185,1.4280009881841838,0,3.1472719306506294,0,False,False,False,False
186,0.9464752491470896,0,32.60607560202358,0,False,False,True,False
187,-0.1456578253137455,0,14.104824308113198,0,False,False,False,False
188,-1.69358743613681,0,8.269795871415637,0,False,False,False,False
189,-3.0296944493717293,5,32.554175108961566,0,False,False,True,False
190,-0.8930299041340422,0,-16.43018345785375,0,False,False,False,False
191,1.7127975886469446,0,-3.2659647673267083,0,False,False,False,False
192,0.4281874882604079,0,-16.864388913087463,0,False,False,False,False
193,-2.491477557423976,0,9.752855710961317,0,False,False,False,False
194,0.346361851702364,0,24.489787465456956,0,False,False,False,False
195,0.7706347594576736,0,-3.913683991756953,0,False,False,False,False
196,-1.767714872402266,0,14.167364585867954,0,False,False,False,False
197,0.3074502118910558,0,-10.338436053252847,0,False,False,False,False
198,0.1164174368919997,0,-4.537002573110266,0,False,False,False,False
199,-2.285940595661246,5,-12.224459768481644,0,False,False,False,False
200,0.7155747206965666,0,-31.996995526057656,0,False,False,True,False
201,1.1215690527364688,0,-0.548000248779159,1,False,False,False,False
202,2.166102486350554,0,1.92677606396629,0,False,False,False,False
203,2.107604104069806,20,15.98791498142456,0,True,False,False,True
204,-2.755338735914182,0,11.931573790039316,0,False,False,False,False
205,-1.8756500798302456,0,12.13429348558493,0,False,False,False,False
206,1.0300705344173195,0,-14.610543346768154,0,False,False,False,False
207,1.0275719018244176,0,6.892459591060381,0,False,False,False,False
208,1.0300953726120956,0,23.73890948222388,0,False,False,False,False
209,7.7054629813094415,0,5.698017760636218,0,False,True,False,False
210,1.141781021386334,0,27.42890419597496,0,False,False,False,False
211,2.271131280361198,0,30.28449166679795,0,False,False,True,False
212,1.9080035269864049,0,-4.027024054374682,0,False,False,False,False
213,1.302782502611596,0,-10.454096176208576,0,False,False,False,False
214,-0.6305384892806911,0,-11.421932481284252,0,False,False,False,False
215,1.5179384409865344,0,-22.7420373015483,0,False,False,False,False
216,-1.5456504290751436,0,-7.776043491232828,0,False,False,False,False
217,-0.4736372134800177,0,18.114981746343695,0,False,False,False,False
218,-0.9707270956582068,0,-33.0605636287686,0,False,False,True,False
219,0.1637482787726451,10,-15.561801010706196,0,False,False,False,False
220,4.629317133347017,0,-1.9069716247799648,0,False,False,False,False
221,-3.734530385183497,0,-13.157778009325508,0,False,False,False,False
222,1.3725203807490272,0,-7.909289163603302,0,False,False,False,False
223,-3.2254317423793037,0,-7.684945116334553,0,False,False,False,False
224,-0.943863731578867,0,-3.863103300926233,0,False,False,False,False
225,2.1779011939347326,0,-10.94182044164608,0,False,False,False,False
226,0.1285600381909255,0,-12.16819820783322,0,False,False,False,False
227,-2.155489555858612,0,14.01464618881847,0,False,False,False,False
228,-1.4306074185199364,5,15.744812667905178,0,False,False,False,False
229,1.3591954978693517,0,-20.70815017871114,0,False,False,False,False
230,-1.4607332634342731,0,-41.39396098909326,0,False,False,True,False
231,0.4329171791639497,0,15.950622743563963,0,False,False,False,False
232,0.0911436798076275,0,-18.432006278282064,0,False,False,False,False
233,-1.3032006952116335,0,3.191172576896098,0,False,False,False,False
234,4.287888178650651,0,-23.48507809542326,0,False,False,False,False
235,1.2678380446360225,10,19.46632477889508,0,False,False,False,False
236,-4.050285173315214,0,38.15501842952292,0,False,False,True,False
237,0.3729086295388553,0,2.7421036380800494,0,False,False,False,False
238,-1.323572929536776,10,-1.41153972689275,0,False,False,False,False
239,1.704866669592448,0,-4.832093627850958,0,False,False,False,False
240,-1.5850414768654013,0,11.726989669693676,0,False,False,False,False
241,-0.229472882933798,0,8.515301264018785,0,False,False,False,False
242,1.0099745579609145,0,15.052476803292969,1,False,False,False,False
243,1.731510388340243,5,-9.41874783897124,0,False,False,False,False
244,-2.4005928141115525,0,5.101765596069674,0,False,False,False,False
245,-0.6690024716818967,0,-8.137021000592942,1,False,False,False,False
246,-0.9498906223219123,0,-15.865734721050814,0,False,False,False,False
247,-1.3066584651474238,5,-0.6152313150519542,0,False,False,False,False
248,3.5309084805621938,0,-13.837690955656232,0,False,False,False,False
249,0.8099634219219111,5,17.605904966138826,0,False,False,False,False
250,-2.5217679086700904,0,-12.928805670237344,0,False,False,False,False
251,1.835723894109552,0,5.453189110310397,0,False,False,False,False
252,4.2443123940252665,0,-9.051334481395832,0,False,False,False,False
253,2.0649305211022937,0,4.15594125656268,0,False,False,False,False
254,-3.038739931908027,0,-7.859948601830345,0,False,False,False,False
255,-0.9684681457325028,0,-18.85816912286306,0,False,False,False,False
256,2.5338222983732455,0,7.256591114277679,0,False,False,False,False
257,-1.4153389312375615,5,-3.531234328698328,0,False,False,False,False
258,0.8876388562924569,20,4.28977411083689,0,True,False,False,False
259,1.5492681068586736,0,-6.4326440344565645,0,False,False,False,False
260,-1.853860943156166,0,-19.91904770652678,0,False,False,False,False
261,-0.1190507121236001,0,16.247678955843845,0,False,False,False,False
262,-6.482534680138145,0,11.051366331616324,0,False,False,False,False
263,-2.0487752826685797,0,-8.504414633298659,0,False,False,False,False
264,-0.5051363027863206,0,1.046688202481968,0,False,False,False,False
265,-2.495566363929699,5,15.630292247444055,0,False,False,False,False
266,3.2648226078632705,0,-6.855575037935954,0,False,False,False,False
267,-2.860282755921266,5,-4.528267577858276,0,False,False,False,False
268,-0.8800889733939675,5,3.654487500110605,0,False,False,False,False
269,0.2614811545721827,0,-6.88636595331879,0,False,False,False,False
270,2.882546578132231,5,12.856379954805336,0,False,False,False,False
271,-2.8717243023588788,0,-2.5335117046115685,0,False,False,False,False
272,2.326327504309919,0,-11.76053812490961,0,False,False,False,False
273,0.020466122039174,0,9.129582448109918,0,False,False,False,False
274,-1.963017302095902,0,-17.1319597414702,0,False,False,False,False
275,0.9242069485265416,0,30.22317841686321,0,False,False,True,False
276,0.39811939114694,0,23.73744545370304,0,False,False,False,False
277,-1.2004337543175894,0,7.702432153815229,0,False,False,False,False
278,0.1396041699800377,0,6.4399653272985296,0,False,False,False,False
279,-0.7706271937235198,0,5.736621267289477,0,False,False,False,False
280,0.2270346905024959,0,-7.336421788783606,0,False,False,False,False
281,1.3242613490420927,0,4.459644685212634,0,False,False,False,False
282,3.172033632290704,0,-13.846989156867725,0,False,False,False,False
283,-2.475630997653698,0,7.557276276602717,0,False,False,False,False
284,4.266066749312533,0,13.01770414546943,0,False,False,False,False
285,-3.904175599045004,0,-5.671291514750018,0,False,False,False,False
286,-0.3035701900711665,0,-8.926526912320792,0,False,False,False,False
287,1.1766344129691524,0,-18.18715536971865,0,False,False,False,False
288,0.5619837354700654,0,21.869328503485367,0,False,False,False,False
289,6.097298044201733,0,-7.73496050763317,0,False,True,False,False
290,-0.4162445007145506,10,-2.9810855402493504,0,False,False,False,False
291,-0.9860018693176662,0,4.502333774935889,0,False,False,False,False
292,-1.1787295138884235,5,4.233114643349017,0,False,False,False,False
293,1.69920419404205,0,11.198401435216043,0,False,False,False,False
294,0.7140309719300947,0,-5.689948797574931,0,False,False,False,False
295,-1.3858191905213084,0,-17.080019077063696,0,False,False,False,False
296,1.7991997508665014,0,-19.704979634584745,0,False,False,False,False
297,0.6145990417532187,0,-8.688828492642697,0,False,False,False,False
298,1.6257242376779202,0,-14.27775712011936,0,False,False,False,False
299,1.2592576838472245,0,-4.554250579616373,0,False,False,False,False
300,-1.657990021844145,0,19.61368216139974,0,False,False,False,False
301,-1.1203620803939394,0,-5.659173088255334,0,False,False,False,False
302,1.4945872102465236,0,-5.664762920018351,0,False,False,False,False
303,1.2207405308669297,0,-0.2459816438368262,0,False,False,False,False
304,-0.0418031879282962,0,-6.084374868180992,0,False,False,False,False
305,0.234654766617564,0,-1.01086853577291,0,False,False,False,False
306,2.55532979157685,5,8.113038337220198,0,False,False,False,False
307,-1.18314277767166,0,13.27126582144971,0,False,False,False,False
308,1.0941947623400754,10,15.048197996085358,0,False,False,False,False
309,-0.4043853048677879,0,30.852783310965304,0,False,False,True,False
310,-0.4353624064544407,0,8.540391692586569,0,False,False,False,False
311,2.1975537039743807,0,33.51718352023964,0,False,False,True,False
312,1.6508326979760597,0,-11.647227120894646,0,False,False,False,False
313,1.627019272001277,0,31.369273536368777,0,False,False,True,False
314,2.610957614308658,0,-5.705640813293849,0,False,False,False,False
315,0.0420076832655181,0,-4.230283961445528,0,False,False,False,False
316,1.3639059425899278,0,-1.798088211343098,0,False,False,False,False
317,-0.6205335131869121,0,-3.2793106673809604,0,False,False,False,False
318,0.6483327049768842,5,1.2876059508975466,0,False,False,False,False
319,-0.2602861087353691,0,-8.700420037326586,0,False,False,False,False
320,0.1939919299854363,0,12.44943259607058,0,False,False,False,False
321,1.1903140508738272,0,-8.292525519317696,0,False,False,False,False
322,-1.636441366466945,0,9.834155973793374,1,False,False,False,False
323,4.1847745513709205,0,22.915854292856466,0,False,False,False,False
324,-2.012034762999404,10,-5.356535547116097,0,False,False,False,False
325,-2.4283772255754643,0,11.91575126968766,0,False,False,False,False
326,2.3162217470001356,0,8.38738933354777,0,False,False,False,False
327,1.5833253879258715,0,33.79330323329625,0,False,False,True,False
328,1.2482396341043105,5,-7.572458472674251,0,False,False,False,False
329,1.2566910185285598,0,11.92607425208676,0,False,False,False,False
330,-0.0244935456938292,0,-24.390166376648295,0,False,False,False,False
331,-1.794508742971663,0,-7.437876161052195,0,False,False,False,False
332,0.1516091163874526,0,5.30089256395362,0,False,False,False,False
333,-1.3543234230242234,0,20.89739953634672,0,False,False,False,False
334,1.9502394668355023,5,-18.38900047476304,0,False,False,False,False
335,-0.2941147630042773,0,11.791359611116658,0,False,False,False,False
336,-1.650994393585023,0,-0.948351847244384,0,False,False,False,False
337,-0.6427716833059869,0,-22.82291480088469,0,False,False,False,False
338,0.825862908551249,0,2.7238026892318494,0,False,False,False,False
339,-1.12744910560795,0,25.63741849467317,0,False,False,False,False
340,-1.644440791132863,0,-16.806339898674253,0,False,False,False,False
341,0.4873744229838246,0,-1.6490657305527523,0,False,False,False,False
342,6.284624558601228,0,-14.799584769593494,0,False,True,False,False
343,-1.0138863507422595,0,-7.028743978650238,0,False,False,False,False
344,-0.9420766112366455,0,21.4825521528695,0,False,False,False,False
345,0.4640998747152726,0,-4.072867132370738,0,False,False,False,False
346,-2.896168682994648,0,21.023486062729894,0,False,False,False,False
347,-2.8149275487531105,0,16.635810718973797,0,False,False,False,False
348,-1.436888442504872,0,-5.44106870226672,0,False,False,False,False
349,-0.4268943034236945,5,-7.538991909093488,0,False,False,False,False
350,0.6218151311960092,0,-13.43998210221753,0,False,False,False,False
351,2.950712433899104,0,-13.963217912901063,0,False,False,False,False
352,1.7153192464040388,0,5.298110917617647,0,False,False,False,False
353,-0.3198770599268542,0,-0.296779728224484,0,False,False,False,False
354,-0.0380324158053776,0,-9.3540815239381,0,False,False,False,False
355,-2.0050587292756177,5,-23.231443831849184,0,False,False,False,False
356,-0.0370262719847798,0,1.592681517333178,0,False,False,False,False
357,-0.5773172778402758,0,-7.043282685920003,0,False,False,False,False
358,0.645437120676179,0,-2.9294654337314077,0,False,False,False,False
359,-1.654461887104646,0,4.569927430471223,0,False,False,False,False
360,1.0386930284823446,0,-37.52704292081795,0,False,False,True,False
361,3.0654778260051554,0,-22.99911905563687,0,False,False,False,False
362,-0.2175202969137152,0,34.446646152077825,0,False,False,True,False
363,0.8034234441978829,5,-7.599157600494266,0,False,False,False,False
364,1.380287983422225,0,-37.761496535962934,0,False,False,True,False
365,-0.8024409437716725,0,-21.749102692743783,0,False,False,False,False
366,0.4481849636208335,0,37.2670105296215,0,False,False,True,False
367,0.0251848015635897,0,-10.5449619040476,0,False,False,False,False
368,0.1953521970976634,0,17.385228673457352,0,False,False,False,False
369,-1.546019567710933,0,1.816769975058078,0,False,False,False,False
370,0.0490203485178853,0,-7.274505562484566,0,False,False,False,False
371,0.995996582490899,0,11.63168206144639,0,False,False,False,False
372,2.9022872155900834,0,-35.76535013034432,0,False,False,True,False
373,1.9185416521704135,0,-21.61698929784904,0,False,False,False,False
374,4.306364915023113,0,-7.385265182093412,0,False,False,False,False
375,-1.534695125776099,0,-20.14356597404412,0,False,False,False,False
376,1.7446412734413563,0,-8.711666827559574,0,False,False,False,False
377,0.3666840114767035,0,12.80569568524242,0,False,False,False,False
378,4.3796058664353446,0,1.9820508200397144,0,False,False,False,False
379,-1.616596570710303,0,19.959255532643837,0,False,False,False,False
380,-1.679443684361552,0,2.9306292652761656,0,False,False,False,False
381,-1.1987852908880443,0,14.886912472417896,0,False,False,False,False
382,-4.247791448619614,0,-0.9610545019274636,0,False,False,False,False
383,-1.051510043361522,0,-8.854132250396741,0,False,False,False,False
384,-1.518265323107396,0,22.208520833128325,0,False,False,False,False
385,0.3007875729524152,0,-10.640254319041002,0,False,False,False,False
386,0.6835119515543189,5,5.157672346864491,0,False,False,False,False
387,3.752341678431773,0,11.533460448367098,0,False,False,False,False
388,1.9008476763721005,0,12.62239056706285,0,False,False,False,False
389,-1.1538073113248062,0,-17.481640053300293,0,False,False,False,False
390,-1.796829342696716,0,15.779256087423988,0,False,False,False,False
391,0.9838383430130114,0,-14.684328691609052,0,False,False,False,False
392,-2.6404664140412843,0,12.160554830249906,0,False,False,False,False
393,3.662917531708707,0,8.027602065736485,0,False,False,False,False
394,2.358880241442574,0,12.279459926698475,0,False,False,False,False
395,-0.9383513042094096,0,-18.075052816485417,0,False,False,False,False
396,-3.426269058181756,0,8.818946141015873,0,False,False,False,False
397,2.7077447483308266,0,16.283905146122574,0,False,False,False,False
398,-0.2290796905052357,0,2.9009367474261096,0,False,False,False,False
399,2.4756326239469235,0,-12.279250194068652,0,False,False,False,False
400,-3.188855317588734,0,13.796214214919852,0,False,False,False,False
401,-1.1987500459075455,0,1.7087944215115476,0,False,False,False,False
402,0.0104873994363663,0,-25.11666395741544,0,False,False,False,False
403,0.0939611875294841,0,-13.442841934749904,0,False,False,False,False
404,-0.9001309429584873,0,-7.894417968404607,0,False,False,False,False
405,1.2456998646949975,0,22.587274314594847,0,False,False,False,False
406,-2.1352408587651888,0,19.95274629459321,0,False,False,False,False
407,-0.284758970042587,0,19.904527965850136,0,False,False,False,False
408,0.2405912634237977,0,3.4854041652579975,0,False,False,False,False
409,1.028877668117498,20,13.703921876687987,0,True,False,False,False
410,1.4232297561777791,0,-17.11169113028836,0,False,False,False,False
411,-2.249284183675738,0,0.1020464758915674,0,False,False,False,False
412,-3.068228341471245,0,6.774490524743946,0,False,False,False,False
413,2.555353643797018,0,-16.1234858596368,0,False,False,False,False
414,0.6646280239591833,10,3.148681344628047,0,False,False,False,False
415,-1.4969730731131072,0,25.299587787065164,0,False,False,False,False
416,3.102303951045046,0,8.381546768409402,0,False,False,False,False
417,0.2313492685857173,0,13.763178099961808,0,False,False,False,False
418,2.358594368127653,0,-36.78610385148393,0,False,False,True,False
419,0.1350369628202179,0,23.36953273729386,0,False,False,False,False
420,4.121495849763974,0,-2.7918352162825437,0,False,False,False,False
421,3.510681684886409,0,-11.530294711050637,0,False,False,False,False
422,-0.497928296958147,0,-2.6195677771489523,0,False,False,False,False
423,1.9431419019087108,20,-22.275332374213463,0,True,False,False,True
424,1.290751899170295,0,15.719130926282135,0,False,False,False,False
425,2.7372631150646973,0,-5.030935841606893,0,False,False,False,False
426,-1.929846921160209,0,-11.07946218039104,0,False,False,False,False
427,1.3721029199968786,10,-2.5208259853254757,0,False,False,False,False
428,2.1168489736991756,0,16.770234818642116,0,False,False,False,False
429,-3.517478972846229,0,1.971876011718309,0,False,False,False,False
430,-2.36651702533155,0,-21.145406543002004,0,False,False,False,False
431,-4.078464355520201,0,6.974712446116233,0,False,False,False,False
432,-0.5388136688891153,0,-13.934699314839376,0,False,False,False,False
433,1.4350845115919242,0,-32.34151547062225,0,False,False,True,False
434,3.004714104192056,0,22.440108190757673,0,False,False,False,False
435,0.1481895608395503,0,6.858448122415334,0,False,False,False,False
436,3.2572310911425837,5,-1.1740599570512231,0,False,False,False,False
437,-2.7602029164297828,0,-5.18414272045048,0,False,False,False,False
438,4.565214417432417,0,20.95619251099974,0,False,False,False,False
439,-0.1110953977932375,0,46.30732725297608,0,False,False,True,False
440,0.7681308978786145,0,6.731707778497747,0,False,False,False,False
441,-0.0653894961881862,0,-15.444520234918144,0,False,False,False,False
442,-4.134884200079753,0,-2.3169827830196414,0,False,False,False,False
443,-0.1782400790255768,0,6.458590081410737,0,False,False,False,False
444,-2.6089390010097064,0,-35.242924604877985,0,False,False,True,False
445,1.339345097660077,0,5.017488026671765,0,False,False,False,False
446,0.7331964921936965,0,6.546376942396181,0,False,False,False,False
447,-1.8797595726547105,0,19.8951329698083,0,False,False,False,False
448,-1.027733834673387,0,18.331849535595808,0,False,False,False,False
449,-2.118427043777903,0,1.6675824043430432,0,False,False,False,False
450,-0.1253581945463437,5,22.719553598705374,0,False,False,False,False
451,1.9102846410024763,5,30.535174785581344,0,False,False,True,False
452,-1.9714520926710877,0,0.4192718286668989,0,False,False,False,False
453,1.0080930310356888,0,6.272806177016234,0,False,False,False,False
454,-1.0605152367448816,0,-26.509460296658645,0,False,False,False,False
455,-1.5857456645246883,0,-21.76459893661632,0,False,False,False,False
456,-0.2140607199091156,0,-12.572944710142782,0,False,False,False,False
457,-2.070484644838748,0,-6.654274567755801,0,False,False,False,False
458,-1.107298610694364,0,-16.441845371071025,0,False,False,False,False
459,-2.395755785177697,0,-0.5399311796586298,0,False,False,False,False
460,3.9294502658327786,0,-6.205637515119277,0,False,False,False,False
461,0.0705271039434572,0,16.06342847009423,0,False,False,False,False
462,-1.3994510159851707,0,-7.12160468225562,0,False,False,False,False
463,0.4279598214684439,0,-34.300769223232415,0,False,False,True,False
464,-0.2246560993816592,0,1.886267588031303,0,False,False,False,False
465,-0.4419391990664452,0,-0.2129703661700871,0,False,False,False,False
466,1.2283334000868504,0,-12.930748221067406,0,False,False,False,False
467,1.5150154200946102,0,1.4249982524555556,0,False,False,False,False
468,-1.061002295221055,0,-16.128968823395024,0,False,False,False,False
469,-1.15163648128936,0,4.947599304350141,0,False,False,False,False
470,-0.550103394303288,0,39.49386655394777,0,False,False,True,False
471,-4.60384232947117,10,-27.084082093601495,0,False,False,False,False
472,-3.030382124397104,0,-7.743631305137405,1,False,False,False,False
473,2.733748534889049,5,-10.147576821737038,0,False,False,False,False
474,3.2899354270025674,0,-6.498898252313154,0,False,False,False,False
475,-0.4980720791127566,0,15.298868693954612,0,False,False,False,False
476,1.1531139261115328,0,8.142398389785367,0,False,False,False,False
477,0.6225003090870722,0,12.731497539096354,0,False,False,False,False
478,6.157761616910475,0,0.4574325713039722,0,False,True,False,False
479,2.2391498228691535,5,-19.831489799172868,0,False,False,False,False
480,-0.255835182961533,0,-16.720280418899694,0,False,False,False,False
481,-1.9110808812008515,0,11.193895611998885,0,False,False,False,False
482,-3.212892640515145,10,2.5624784761994586,0,False,False,False,False
483,0.4069272717344462,0,18.90311109118258,0,False,False,False,False
484,-1.5127014905686067,0,4.398931548701955,0,False,False,False,False
485,-2.8445074191953483,0,-17.74522489998187,0,False,False,False,False
486,-1.2931457684850534,0,-7.828527212747328,0,False,False,False,False
487,-2.1630960072287904,0,8.47221224524395,0,False,False,False,False
488,3.3742832701451295,0,10.654987443579383,0,False,False,False,False
489,1.763279513898901,0,12.82662948232032,0,False,False,False,False
490,-0.0159452826332347,0,-15.727861698077897,1,False,False,False,False
491,2.9598882777800526,0,19.736396595768497,0,False,False,False,False
492,0.1547366152952366,0,-2.8470377962113105,0,False,False,False,False
493,-1.722568402656527,5,21.601102748001814,0,False,False,False,False
494,3.0462481545393145,5,-10.40802481212027,0,False,False,False,False
495,1.0778200873693171,0,6.824578359014596,0,False,False,False,False
496,-2.074492308652913,5,6.825917084084475,0,False,False,False,False
497,-0.3806773561672164,0,11.4115912450592,0,False,False,False,False
498,-1.7512365067695148,0,24.96660380922315,0,False,False,False,False
499,-2.765599461928673,0,23.42859637149159,0,False,False,False,False
500,1.8523550950632828,0,-8.919087507592577,0,False,False,False,False
501,3.818833280940261,0,-31.46843161963011,0,False,False,True,False
502,-2.7971351476382824,0,30.924480500950807,0,False,False,True,False
503,1.1259384733811415,0,1.1350844107085298,0,False,False,False,False
504,-1.3012851382436543,0,-5.424679165284856,0,False,False,False,False
505,-0.9742507675293924,0,29.51848414392202,1,False,False,False,False
506,-1.1847878484777383,0,0.2817045647467388,0,False,False,False,False
507,-1.727981539359632,0,9.805678203842907,0,False,False,False,False
508,0.0970432558896539,0,3.258214644710156,0,False,False,False,False
509,-1.6619002328220756,0,-5.199497752362337,0,False,False,False,False
510,0.5409136515596776,0,-28.87217516944,0,False,False,False,False
511,-0.1004762188982739,0,-1.1792645781222793,0,False,False,False,False
512,-0.4778960937328195,0,88.28021646469367,0,False,False,True,False
513,-1.815127324083196,0,-18.66687599756751,1,False,False,False,False
514,-1.1535426611366657,0,-27.223095665613368,0,False,False,False,False
515,1.510782451651512,0,29.045839538533652,0,False,False,False,False
516,1.0018343752487615,0,11.131244548040025,0,False,False,False,False
517,-1.955110489597102,0,2.811298207851547,0,False,False,False,False
518,0.1986646108584517,0,20.440107935505868,0,False,False,False,False
519,1.502774246743578,0,-12.47252914434145,0,False,False,False,False
520,-3.3388105622427435,0,-1.5989214137197767,0,False,False,False,False
521,1.08672038475987,0,14.327311753512348,0,False,False,False,False
522,-1.3252475178916934,0,31.655315517305933,0,False,False,True,False
523,1.1411973371863189,0,-17.528164719849126,0,False,False,False,False
524,-1.5265183130850335,0,19.21101687840591,0,False,False,False,False
525,-3.609764201329038,0,5.727585912614758,0,False,False,False,False
526,-3.2550848757663253,0,2.445916011441241,0,False,False,False,False
527,0.0961698933227639,0,-0.1159383338210726,0,False,False,False,False
528,0.5194450034429637,0,-20.76969931041905,0,False,False,False,False
529,-1.8086332502088172,0,14.446334973195484,0,False,False,False,False
530,1.2771849175547478,0,-11.73403530489492,0,False,False,False,False
531,-3.3230401245379197,0,-16.19536053753521,0,False,False,False,False
532,-0.1321595972946331,0,13.28188438350507,0,False,False,False,False
533,-2.422032399524913,10,11.837010377200178,0,False,False,False,False
534,7.8038925214328865,0,1.1850012541659367,0,False,True,False,False
535,0.094797342632828,0,16.193154312174624,0,False,False,False,False
536,-1.7208267305679048,0,21.38904872218673,0,False,False,False,False
537,-0.7691110884596507,0,19.62336116738311,0,False,False,False,False
538,2.012585618428881,0,-7.924184601029699,0,False,False,False,False
539,-1.1537837390462975,0,15.21157396919568,0,False,False,False,False
540,1.6713842241302836,0,3.174614662629733,0,False,False,False,False
541,-2.259413709315236,0,25.88861655528562,0,False,False,False,False
542,1.0596083558305656,0,-1.8559250440075936,0,False,False,False,False
543,2.8831372413158007,0,-5.347074560524953,0,False,False,False,False
544,-4.943289000254579,0,-9.20695315264315,0,False,False,False,False
545,-1.5937905109409536,0,2.8393184135333316,0,False,False,False,False
546,1.15414425436108,0,7.000882013881559,0,False,False,False,False
547,-0.4060907720859854,0,7.289434243909066,0,False,False,False,False
548,0.7422917467426177,0,5.237588104677849,0,False,False,False,False
549,-1.2079703734316412,0,10.065555190197088,0,False,False,False,False
550,0.1731795749457998,0,-3.338127538715971,0,False,False,False,False
551,-0.3113544707841589,0,-13.087729733878067,0,False,False,False,False
552,2.3355641233196147,0,-14.397419953704718,0,False,False,False,False
553,0.5088416866024262,0,14.625766429552026,0,False,False,False,False
554,0.6752053241504044,0,7.054834657924348,0,False,False,False,False
555,-0.8237539322449348,5,-27.83756656425486,0,False,False,False,False
556,-0.9752124481449872,0,16.45130140199911,0,False,False,False,False
557,-0.8651163756392418,0,28.20652719603983,0,False,False,False,False
558,0.7889042847565937,0,-10.738752761377992,0,False,False,False,False
559,-0.8419689616405259,0,5.042400694140616,0,False,False,False,False
560,0.5795497137928257,5,-7.101871404485396,0,False,False,False,False
561,4.150801597290877,0,9.424603882067505,0,False,False,False,False
562,1.7422494068633847,10,-17.490133336128377,0,False,False,False,False
563,-0.6520470643356823,0,-1.0716848564817107,0,False,False,False,False
564,2.4024278443278897,0,14.719711919981718,0,False,False,False,False
565,5.446393002398809,0,18.535676089482596,1,False,True,False,False
566,-4.076249070355708,5,6.39743728379533,0,False,False,False,False
567,3.311958101035257,0,-5.0856795481460875,0,False,False,False,False
568,-3.7415838420517114,0,-23.88901626515413,0,False,False,False,False
569,-0.7030269680826173,0,-11.363245668589226,0,False,False,False,False
570,6.954898060407213,5,-7.039101071321706,0,False,True,False,False
571,3.3528746245505654,0,-10.466006749524212,0,False,False,False,False
572,0.6538547475283253,0,0.8932945247042309,0,False,False,False,False
573,-0.4382010576177285,0,-5.1283160425692795,0,False,False,False,False
574,1.6588111623669783,0,2.5818205850316462,0,False,False,False,False
575,-4.42227061801577,0,18.03940951571495,0,False,False,False,False
576,0.4712291162171318,0,-6.096933318440424,0,False,False,False,False
577,1.5417303877739337,0,-20.743004658813373,0,False,False,False,False
578,-2.957172491559683,5,-10.525613971873124,0,False,False,False,False
579,2.287508086413858,0,8.753827049599078,0,False,False,False,False
580,0.6769928149888282,5,10.169156774290098,0,False,False,False,False
581,-0.8305758278016026,0,6.091277955243513,0,False,False,False,False
582,1.2655637322125697,20,19.511059588320236,0,True,False,False,True
583,4.541385715608792,0,-2.795446048154782,0,False,False,False,False
584,0.3637325101169903,0,30.78249222013986,0,False,False,True,False
585,0.4964411726006721,0,12.272807041588605,0,False,False,False,False
586,-0.9187217990804882,0,-37.85231205311816,0,False,False,True,False
587,-1.6996887389295836,0,27.009879449453493,0,False,False,False,False
588,1.6606716330884912,0,-11.504799152035826,0,False,False,False,False
589,-1.7121676518177344,0,-15.511517841853962,0,False,False,False,False
590,0.1431324744387849,0,7.856566647493405,0,False,False,False,False
591,-0.9553148935302334,0,-26.072707085048147,0,False,False,False,False
592,0.957959651492784,0,-10.432038469824198,0,False,False,False,False
593,0.6673242105738969,0,23.356478109363103,0,False,False,False,False
594,2.075079888515799,20,8.343263684962539,0,True,False,False,True
595,-1.0200327977094945,10,12.183596714088296,0,False,False,False,False
596,-0.5397498705867425,5,-9.85365900746211,0,False,False,False,False
597,-1.9575274315646147,0,-23.075549984521547,0,False,False,False,False
598,-0.8885865201522227,0,10.602261439706012,0,False,False,False,False
599,0.7546009860897039,0,13.953842343629256,0,False,False,False,False
