time,acceleration,brake_force,steering_angle,adas_event,timestamp,hour_of_day,is_peak_hour,speed,jerk,brake_intensity,hard_braking,sudden_acceleration,sharp_turn
0,0.9934283060224652,5,18.827977266798783,0,2025-03-08 01:11:56.542505,1,False,0.9934283060224652,,5.033025170953024,False,False,False
1,-0.2765286023423693,0,2.826240124461426,0,2025-03-08 01:11:57.542505,1,False,0.7168997036800959,-1.2699569083648345,0.0,False,False,False
2,1.295377076201385,5,-1.8890845942025047,0,2025-03-08 01:11:58.542505,1,False,2.012276779881481,1.5719056785437542,2.4847353021394336,False,False,False
3,3.0460597128160507,0,-10.76227779121622,0,2025-03-08 01:11:59.542505,1,False,5.058336492697531,1.7506826366146657,0.0,False,False,False
4,-0.4683067494466719,0,0.4466889485193582,0,2025-03-08 01:12:00.542505,1,False,4.590029743250859,-3.5143664622627226,0.0,False,False,False
5,-0.4682739138983611,0,-12.719698164830012,0,2025-03-08 01:12:01.542505,1,False,4.121755829352498,3.2835548310794493e-05,0.0,False,False,False
6,3.158425631014783,0,2.6102783493090587,0,2025-03-08 01:12:02.542505,1,False,7.280181460367281,3.626699544913144,0.0,False,False,False
7,1.5348694583058176,0,3.6860097438203066,0,2025-03-08 01:12:03.542505,1,False,8.815050918673098,-1.6235561727089654,0.0,False,False,False
8,-0.9389487718699042,0,-12.920755535351155,0,2025-03-08 01:12:04.542505,1,False,7.876102146803194,-2.4738182301757217,0.0,False,False,False
9,1.085120087171929,0,-13.206929472336087,0,2025-03-08 01:12:05.542505,1,False,8.961222233975123,2.0240688590418334,0.0,False,False,False
10,-0.9268353856249244,5,14.43299031892676,0,2025-03-08 01:12:06.542505,1,False,8.034386848350199,-2.0119554727968536,0.6223242508896871,False,False,False
11,-0.9314595071405136,10,-0.7928993143695047,0,2025-03-08 01:12:07.542505,1,False,7.102927341209685,-0.004624121515589219,1.4078682550079942,False,False,False
12,0.4839245431320682,0,-11.71530643897336,0,2025-03-08 01:12:08.542505,1,False,7.586851884341753,1.4153840502725819,0.0,False,False,False
13,-3.826560489315596,0,-5.557594525342785,0,2025-03-08 01:12:09.542505,1,False,3.760291395026157,-4.310485032447664,0.0,False,False,False
14,-3.4498356650260655,5,-15.158911300599108,0,2025-03-08 01:12:10.542505,1,False,0.31045573000009163,0.37672482428953025,16.104837078148766,False,False,False
15,-1.1245750584819454,5,-1.0077537099287532,0,2025-03-08 01:12:11.542505,1,False,-0.8141193284818538,2.32526060654412,6.1415303749390056,False,False,False
16,-2.0256622406688476,10,12.474424614967027,0,2025-03-08 01:12:12.542505,1,False,-2.839781569150701,-0.9010871821869022,3.5213851990520233,False,False,False
17,0.6284946651905478,0,-0.4150600139139208,0,2025-03-08 01:12:13.542505,1,False,-2.2112869039601533,2.6541569058593955,0.0,False,False,False
18,-1.8160481510424225,0,35.45450165513077,0,2025-03-08 01:12:14.542505,1,False,-4.027335055002576,-2.4445428162329703,0.0,False,False,True
19,-2.8246074026705834,0,6.320393520735023,0,2025-03-08 01:12:15.542505,1,False,-6.851942457673159,-1.008559251628161,0.0,False,False,False
20,9.790465184036732,0,3.4493167176331863,0,2025-03-08 01:12:16.542505,1,False,2.9385227263635727,12.615072586707315,0.0,False,True,False
21,-0.4515526009730713,0,-13.62453196448709,0,2025-03-08 01:12:17.542505,1,False,2.4869701253905014,-10.242017785009804,0.0,False,False,False
22,0.1350564093758476,0,-3.5780017026400017,0,2025-03-08 01:12:18.542505,1,False,2.622026534766349,0.5866090103489189,0.0,False,False,False
23,-2.8494963724269136,0,-11.685207645505384,0,2025-03-08 01:12:19.542505,1,False,-0.2274698376605646,-2.984552781802761,0.0,False,False,False
24,-1.088765449050365,5,-32.484678426061855,0,2025-03-08 01:12:20.542505,1,False,-1.3162352867109297,1.7607309233765485,3.79868406784129,False,False,True
25,0.2218451794197321,0,14.613933331932117,0,2025-03-08 01:12:21.542505,1,False,-1.0943901072911977,1.3106106284700971,0.0,False,False,False
26,-2.3019871548446056,0,-7.671758333253466,0,2025-03-08 01:12:22.542505,1,False,-3.396377262135803,-2.5238323342643376,0.0,False,False,False
27,0.7513960366913439,0,-11.406001114999592,0,2025-03-08 01:12:23.542505,1,False,-2.644981225444459,3.0533831915359495,0.0,False,False,False
28,-1.20127737983761,0,3.158550509376973,0,2025-03-08 01:12:24.542505,1,False,-3.846258605282069,-1.9526734165289539,0.0,False,False,False
29,-0.5833874995865536,0,7.687493283322755,0,2025-03-08 01:12:25.542505,1,False,-4.429646104868622,0.6178898802510564,0.0,False,False,False
30,-1.2034132244587938,0,-4.8116224935941805,0,2025-03-08 01:12:26.542505,1,False,-5.633059329327416,-0.6200257248722403,0.0,False,False,False
31,3.704556369017875,0,-0.0390250141352754,0,2025-03-08 01:12:27.542505,1,False,-1.9285029603095412,4.907969593476669,0.0,False,False,False
32,-0.0269944494758678,0,11.192811109716043,0,2025-03-08 01:12:28.542505,1,False,-1.955497409785409,-3.731550818493743,0.0,False,False,False
33,-2.1154218579118,0,-5.402903919149215,0,2025-03-08 01:12:29.542505,1,False,-4.070919267697208,-2.088427408435932,0.0,False,False,False
34,1.645089824206378,0,4.535006126450009,0,2025-03-08 01:12:30.542505,1,False,-2.42582944349083,3.760511682118178,0.0,False,False,False
35,-2.4416872999420445,0,-24.888669275837252,0,2025-03-08 01:12:31.542505,1,False,-4.8675167434328745,-4.086777124148423,0.0,False,False,False
36,0.4177271900095108,0,-18.61978497641623,0,2025-03-08 01:12:32.542505,1,False,-4.449789553423364,2.8594144899515554,0.0,False,False,False
37,-3.919340247759551,0,9.083096671206055,0,2025-03-08 01:12:33.542505,1,False,-8.369129801182915,-4.337067437769062,0.0,False,False,False
38,-2.656372097796861,5,-19.403379587509477,0,2025-03-08 01:12:34.542505,1,False,-11.025501898979776,1.2629681499626901,0.45349368317879785,False,False,False
39,0.393722471738247,10,3.5120632066994415,0,2025-03-08 01:12:35.542505,1,False,-10.63177942724153,3.050094569535108,0.94057543825852,False,False,False
40,1.4769331599908209,0,-2.2049817329560906,0,2025-03-08 01:12:36.542505,1,False,-9.154846267250708,1.0832106882525738,0.0,False,False,False
41,0.342736562379941,0,-5.467008937803432,0,2025-03-08 01:12:37.542505,1,False,-8.812109704870768,-1.1341965976108799,0.0,False,False,False
42,-0.231296564776481,0,-12.426941534515922,0,2025-03-08 01:12:38.542505,1,False,-9.043406269647248,-0.574033127156422,0.0,False,False,False
43,-0.6022073911785776,0,13.640100271580636,0,2025-03-08 01:12:39.542505,1,False,-9.645613660825825,-0.3709108264020966,0.0,False,False,False
44,-2.9570439807348547,0,25.948367317797533,0,2025-03-08 01:12:40.542505,1,False,-12.602657641560679,-2.3548365895562773,0.0,False,False,False
45,-1.4396884167894173,0,4.502882439002916,0,2025-03-08 01:12:41.542505,1,False,-14.042346058350097,1.5173555639454375,0.0,False,False,False
46,-0.921277541919575,0,4.83736073509226,0,2025-03-08 01:12:42.542505,1,False,-14.963623600269672,0.5184108748698423,0.0,False,False,False
47,2.114244452437831,0,-10.234959447862416,0,2025-03-08 01:12:43.542505,1,False,-12.849379147831842,3.035521994357406,0.0,False,False,False
48,0.6872365791369228,0,-17.9414584773657,0,2025-03-08 01:12:44.542505,1,False,-12.162142568694918,-1.4270078733009082,0.0,False,False,False
49,-3.526080310725468,0,-0.5960835720926181,0,2025-03-08 01:12:45.542505,1,False,-15.688222879420387,-4.213316889862391,0.0,False,False,False
50,0.64816793878959,0,-14.60624471937114,0,2025-03-08 01:12:46.542505,1,False,-15.040054940630796,4.174248249515058,0.0,False,False,False
51,-0.7701645608326331,0,-26.58915192473733,0,2025-03-08 01:12:47.542505,1,False,-15.810219501463429,-1.418332499622223,0.0,False,False,False
52,-1.3538440006119177,0,12.051687185483734,0,2025-03-08 01:12:48.542505,1,False,-17.164063502075347,-0.5836794397792846,0.0,False,False,False
53,1.2233525776817358,20,12.782501823777496,1,2025-03-08 01:12:49.542505,1,False,-15.940710924393612,2.5771965782936537,1.2546483998345768,True,False,False
54,2.061999044991902,0,-12.882581594296418,0,2025-03-08 01:12:50.542505,1,False,-13.87871187940171,0.8386464673101661,0.0,False,False,False
55,1.8625602382323971,0,3.6594648191886647,0,2025-03-08 01:12:51.542505,1,False,-12.016151641169312,-0.19943880675950476,0.0,False,False,False
56,-1.678435046445277,0,15.0292840168765,0,2025-03-08 01:12:52.542505,1,False,-13.694586687614589,-3.540995284677674,0.0,False,False,False
57,-0.6184247517024292,0,3.0754003059281834,0,2025-03-08 01:12:53.542505,1,False,-14.313011439317018,1.060010294742848,0.0,False,False,False
58,0.6625268628071279,10,-17.897319691481,0,2025-03-08 01:12:54.542505,1,False,-13.65048457650989,1.280951614509557,0.7325741894515858,False,False,False
59,1.9510902542447184,0,-3.49340119855648,0,2025-03-08 01:12:55.542505,1,False,-11.69939432226517,1.2885633914375905,0.0,False,False,False
60,-0.95834847569058,0,19.902141300629864,0,2025-03-08 01:12:56.542505,1,False,-12.65774279795575,-2.9094387299352986,0.0,False,False,False
61,-0.3713179533276342,0,3.7053996540766936,0,2025-03-08 01:12:57.542505,1,False,-13.029060751283385,0.5870305223629458,0.0,False,False,False
62,-2.2126699480120564,10,8.08698154774208,0,2025-03-08 01:12:58.542505,1,False,-15.241730699295442,-1.8413519946844223,0.6560930406369042,False,False,False
63,-2.3924132481613416,5,5.124438290536715,0,2025-03-08 01:12:59.542505,1,False,-17.634143947456785,-0.1797433001492852,0.28354067991569876,False,False,False
64,1.625051644788396,0,-12.8326703696738,0,2025-03-08 01:13:00.542505,1,False,-16.00909230266839,4.017464892949738,0.0,False,False,False
65,2.712480057141646,0,-9.312678289239642,0,2025-03-08 01:13:01.542505,1,False,-13.296612245526743,1.0874284123532498,0.0,False,False,False
66,-0.1440202431606677,0,5.0829773557761335,0,2025-03-08 01:13:02.542505,1,False,-13.440632488687411,-2.8565003003023137,0.0,False,False,False
67,2.0070657957840483,0,12.25307670030612,0,2025-03-08 01:13:03.542505,1,False,-11.433566692903362,2.151086038944716,0.0,False,False,False
68,0.7232720500952683,0,16.498574263768244,0,2025-03-08 01:13:04.542505,1,False,-10.710294642808094,-1.28379374568878,0.0,False,False,False
69,-1.2902395092102483,0,-12.871583171522904,0,2025-03-08 01:13:05.542505,1,False,-12.000534152018343,-2.013511559305517,0.0,False,False,False
70,5.727938610244995,0,6.496808020157905,0,2025-03-08 01:13:06.542505,1,False,-6.272595541773348,7.018178119455243,0.0,False,True,False
71,3.0760731329319384,0,17.80566167578465,0,2025-03-08 01:13:07.542505,1,False,-3.1965224088414095,-2.6518654773130566,0.0,False,False,False
72,-0.071652078219903,0,-14.806226554320338,0,2025-03-08 01:13:08.542505,1,False,-3.2681744870613123,-3.1477252111518412,0.0,False,False,False
73,3.129287311628012,0,22.30120703699661,0,2025-03-08 01:13:09.542505,1,False,-0.13888717543330031,3.200939389847915,0.0,False,False,False
74,-5.239490208179489,5,24.58411241016285,0,2025-03-08 01:13:10.542505,1,False,-5.378377383612789,-8.368777519807502,0.9296466846613386,False,False,False
75,1.6438050087504477,0,39.37629509432491,0,2025-03-08 01:13:11.542505,1,False,-3.734572374862341,6.883295216929937,0.0,False,False,True
76,0.1740941364763426,0,3.464001612449921,0,2025-03-08 01:13:12.542505,1,False,-3.5604782383859988,-1.469710872274105,0.0,False,False,False
77,-0.5980147009317357,5,3.546370143936729,0,2025-03-08 01:13:13.542505,1,False,-4.158492939317735,-0.7721088374080782,1.202355769122127,False,False,False
78,0.1835215530710046,0,12.404915836759766,0,2025-03-08 01:13:14.542505,1,False,-3.9749713862467297,0.7815362540027403,0.0,False,False,False
79,-3.9751378292017856,0,11.967040095741249,0,2025-03-08 01:13:15.542505,1,False,-7.950109215448515,-4.15865938227279,0.0,False,False,False
80,-0.4393437756750238,0,16.895502914934085,0,2025-03-08 01:13:16.542505,1,False,-8.38945299112354,3.535794053526762,0.0,False,False,False
81,0.7142251430234928,0,11.760497706976556,0,2025-03-08 01:13:17.542505,1,False,-7.675227848100047,1.1535689186985167,0.0,False,False,False
82,2.955788089483032,10,-1.59092863557058,0,2025-03-08 01:13:18.542505,1,False,-4.719439758617014,2.2415629464595392,2.1188910808387114,False,False,False
83,-1.0365404365472948,0,18.329956814602532,1,2025-03-08 01:13:19.542505,1,False,-5.755980195164309,-3.992328526030327,0.0,False,False,False
84,-1.6169872057863752,0,-16.068812245390884,0,2025-03-08 01:13:20.542505,1,False,-7.372967400950684,-0.5804467692390805,0.0,False,False,False
85,-1.003514087169073,0,0.0877850508806463,0,2025-03-08 01:13:21.542505,1,False,-8.376481488119758,0.6134731186173021,0.0,False,False,False
86,1.8308042354041485,0,23.456034240746988,0,2025-03-08 01:13:22.542505,1,False,-6.54567725271561,2.8343183225732216,0.0,False,False,False
87,0.6575022193193689,0,-18.75369747180479,0,2025-03-08 01:13:23.542505,1,False,-5.888175033396241,-1.1733020160847796,0.0,False,False,False
88,-1.0595204075340776,10,-10.162134854957444,0,2025-03-08 01:13:24.542505,1,False,-6.947695440930318,-1.7170226268534465,1.4393241171521185,False,False,False
89,1.0265348662267122,0,10.076209366159368,0,2025-03-08 01:13:25.542505,1,False,-5.921160574703606,2.08605527376079,0.0,False,False,False
90,0.1941550986960807,5,5.908679598542285,0,2025-03-08 01:13:26.542505,1,False,-5.727005476007525,-0.8323797675306315,0.8730550879331045,False,False,False
91,1.9372899810657784,0,-13.125381114843671,0,2025-03-08 01:13:27.542505,1,False,-3.7897154949417464,1.7431348823696977,0.0,False,False,False
92,-1.4041061877547047,0,-6.242910040952108,0,2025-03-08 01:13:28.542505,1,False,-5.193821682696451,-3.3413961688204834,0.0,False,False,False
93,-0.6553242931955364,0,-17.711730939755086,0,2025-03-08 01:13:29.542505,1,False,-5.849145975891988,0.7487818945591683,0.0,False,False,False
94,-0.7842163062643153,0,14.707274992808584,0,2025-03-08 01:13:30.542505,1,False,-6.633362282156303,-0.12889201306877884,0.0,False,False,False
95,-2.927029896264237,5,-3.8382203650579743,0,2025-03-08 01:13:31.542505,1,False,-9.560392178420539,-2.142813589999922,0.5229905506784908,False,False,False
96,0.5922405541291521,5,26.882338661409484,0,2025-03-08 01:13:32.542505,1,False,-8.968151624291387,3.5192704503933894,0.5575278646246601,False,False,False
97,0.5221105443597787,0,1.2165036606003223,0,2025-03-08 01:13:33.542505,1,False,-8.446041079931609,-0.07013000976937345,0.0,False,False,False
98,0.0102269132849218,0,-3.2961045510431495,0,2025-03-08 01:13:34.542505,1,False,-8.435814166646686,-0.5118836310748569,0.0,False,False,False
99,-0.4691742667502948,0,-4.75232641937696,0,2025-03-08 01:13:35.542505,1,False,-8.904988433396982,-0.4794011800352166,0.0,False,False,False
100,-2.8307414841008285,0,-3.6629975278864313,0,2025-03-08 01:13:36.542505,1,False,-11.73572991749781,-2.3615672173505335,0.0,False,False,False
101,-0.8412906455307181,0,1.6623164270070478,0,2025-03-08 01:13:37.542505,1,False,-12.577020563028528,1.9894508385701104,0.0,False,False,False
102,-0.685429033053539,0,37.686113648674784,0,2025-03-08 01:13:38.542505,1,False,-13.262449596082067,0.1558616124771791,0.0,False,False,True
103,-1.6045545384432378,0,-5.082895051490391,0,2025-03-08 01:13:39.542505,1,False,-14.867004134525306,-0.9191255053896988,0.0,False,False,False
104,-0.3225714233320182,0,-4.595301911569642,0,2025-03-08 01:13:40.542505,1,False,-15.189575557857324,1.2819831151112195,0.0,False,False,False
105,0.8081017136290768,0,0.9839076852476792,0,2025-03-08 01:13:41.542505,1,False,-14.381473844228248,1.130673136961095,0.0,False,False,False
106,3.772371802421061,0,16.354117595163903,0,2025-03-08 01:13:42.542505,1,False,-10.609102041807187,2.964270088791984,0.0,False,False,False
107,0.3491556256636779,0,-21.314768416091688,0,2025-03-08 01:13:43.542505,1,False,-10.259946416143508,-3.423216176757383,0.0,False,False,False
108,0.515100781445528,0,6.826391053644679,0,2025-03-08 01:13:44.542505,1,False,-9.744845634697981,0.16594515578185004,0.0,False,False,False
109,-0.1488918315323342,0,-12.26137764031743,0,2025-03-08 01:13:45.542505,1,False,-9.893737466230315,-0.6639926129778622,0.0,False,False,False
110,-3.837542430598083,0,8.299090334264235,0,2025-03-08 01:13:46.542505,1,False,-13.731279896828397,-3.688650599065749,0.0,False,False,False
111,-0.0530277508984337,0,-7.406399135406843,0,2025-03-08 01:13:47.542505,1,False,-13.78430764772683,3.784514679699649,0.0,False,False,False
112,0.1204604198820528,0,-34.5615350963593,0,2025-03-08 01:13:48.542505,1,False,-13.663847227844778,0.1734881707804865,0.0,False,False,True
113,4.926484224970572,0,5.543664040312279,0,2025-03-08 01:13:49.542505,1,False,-8.737363002874206,4.806023805088519,0.0,False,False,False
114,-0.384721929562245,0,5.41717155520303,0,2025-03-08 01:13:50.542505,1,False,-9.12208493243645,-5.311206154532817,0.0,False,False,False
115,0.6030946846672249,0,-8.686204627191447,0,2025-03-08 01:13:51.542505,1,False,-8.518990247769226,0.98781661422947,0.0,False,False,False
116,-0.0694235394104866,0,-9.575157902145037,0,2025-03-08 01:13:52.542505,1,False,-8.588413787179713,-0.6725182240777116,0.0,False,False,False
117,-2.337356075239064,5,-19.67059087631479,0,2025-03-08 01:13:53.542505,1,False,-10.925769862418777,-2.2679325358285776,0.4576332365251488,False,False,False
118,2.285645629030041,0,11.596499123083069,0,2025-03-08 01:13:54.542505,1,False,-8.640124233388736,4.623001704269106,0.0,False,False,False
119,1.5038660653735485,0,13.233236737002116,0,2025-03-08 01:13:55.542505,1,False,-7.136258168015187,-0.7817795636564926,0.0,False,False,False
120,1.5820638940860938,0,-13.185763277638353,0,2025-03-08 01:13:56.542505,1,False,-5.5541942739290935,0.07819782871254533,0.0,False,False,False
121,-1.818774909589478,0,-8.099016893082766,0,2025-03-08 01:13:57.542505,1,False,-7.372969183518571,-3.4008388036755717,0.0,False,False,False
122,2.8055886218721984,0,-0.949336817084452,0,2025-03-08 01:13:58.542505,1,False,-4.567380561646373,4.624363531461676,0.0,False,False,False
123,-2.8037021255845618,0,34.0629792155332,0,2025-03-08 01:13:59.542505,1,False,-7.371082687230935,-5.60929074745676,0.0,False,False,True
124,1.1737141876005406,0,8.176826213833982,0,2025-03-08 01:14:00.542505,1,False,-6.197368499630394,3.9774163131851026,0.0,False,False,False
125,4.380911251619957,0,-14.15123272512569,0,2025-03-08 01:14:01.542505,1,False,-1.8164572480104368,3.2071970640194163,0.0,False,False,False
126,-1.981072650261377,0,4.556704642357581,0,2025-03-08 01:14:02.542505,1,False,-3.7975298982718138,-6.3619839018813344,0.0,False,False,False
127,-1.1325954592055438,0,-20.650373109571223,0,2025-03-08 01:14:03.542505,1,False,-4.930125357477357,0.8484771910558331,0.0,False,False,False
128,0.1993027301752824,0,10.769854648742562,0,2025-03-08 01:14:04.542505,1,False,-4.730822627302075,1.3318981893808262,0.0,False,False,False
129,-1.0069513082323984,0,25.13321090316728,0,2025-03-08 01:14:05.542505,1,False,-5.737773935534474,-1.2062540384076808,0.0,False,False,False
130,-3.1013268621322654,0,25.196875276259377,0,2025-03-08 01:14:06.542505,1,False,-8.839100797666738,-2.0943755538998667,0.0,False,False,False
131,0.1371259496120546,0,11.023402552115082,0,2025-03-08 01:14:07.542505,1,False,-8.701974848054684,3.23845281174432,0.0,False,False,False
132,-2.1246074274522098,0,-8.751185338021944,0,2025-03-08 01:14:08.542505,1,False,-10.826582275506894,-2.2617333770642642,0.0,False,False,False
133,0.9471848612703632,10,-19.51352634771189,0,2025-03-08 01:14:09.542505,1,False,-9.87939741423653,3.071792288722573,1.0122064594268774,False,False,False
134,-1.8388484684676067,0,-21.003075650536637,0,2025-03-08 01:14:10.542505,1,False,-11.718245882704137,-2.78603332973797,0.0,False,False,False
135,12.193797026820548,0,-42.09325664247815,0,2025-03-08 01:14:11.542505,1,False,0.47555114411641064,14.032645495288154,0.0,False,True,True
136,-1.5665065846724742,0,10.407836445118823,0,2025-03-08 01:14:12.542505,1,False,-1.0909554405560635,-13.760303611493022,0.0,False,False,False
137,-0.6441230324113512,0,-1.542532803365992,0,2025-03-08 01:14:13.542505,1,False,-1.7350784729674147,0.922383552261123,0.0,False,False,False
138,1.6270344347393395,0,13.638242496796911,0,2025-03-08 01:14:14.542505,1,False,-0.10804403822807518,2.2711574671506907,0.0,False,False,False
139,-2.4617286328679104,0,21.42047227852182,0,2025-03-08 01:14:15.542505,1,False,-2.5697726710959854,-4.08876306760725,0.0,False,False,False
140,0.4549198692082588,0,1.4985831585361464,0,2025-03-08 01:14:16.542505,1,False,-2.114852801887727,2.9166485020761694,0.0,False,False,False
141,2.614285508564856,0,2.1894241456972527,0,2025-03-08 01:14:17.542505,1,False,0.49943270667712936,2.159365639356597,0.0,False,False,False
142,-3.214966469122455,0,-6.964805167461995,0,2025-03-08 01:14:18.542505,1,False,-2.7155337624453257,-5.829251977687312,0.0,False,False,False
143,0.3692677170646084,0,33.05282777037523,0,2025-03-08 01:14:19.542505,1,False,-2.3462660453807174,3.5842341861870635,0.0,False,False,True
144,0.519765588496847,0,10.92704868709401,0,2025-03-08 01:14:20.542505,1,False,-1.8265004568838705,0.15049787143223853,0.0,False,False,False
145,1.56364574355462,0,-2.615625455479657,0,2025-03-08 01:14:21.542505,1,False,-0.2628547133292505,1.043880155057773,0.0,False,False,False
146,-2.473901421756164,0,-4.785115001292358,0,2025-03-08 01:14:22.542505,1,False,-2.7367561350854146,-4.037547165310784,0.0,False,False,False
147,-2.6409132261685526,0,-0.2747528916427675,0,2025-03-08 01:14:23.542505,1,False,-5.377669361253967,-0.16701180441238872,0.0,False,False,False
148,1.0438831312337953,0,13.294952940923844,0,2025-03-08 01:14:24.542505,1,False,-4.333786230020172,3.684796357402348,0.0,False,False,False
149,0.5939693464663721,20,-10.38992336745154,0,2025-03-08 01:14:25.542505,1,False,-3.7398168835537997,-0.44991378476742316,5.347841122794123,True,False,False
150,0.5009857006917533,0,-0.997927763280488,0,2025-03-08 01:14:26.542505,1,False,-3.2388311828620466,-0.09298364577461882,0.0,False,False,False
151,0.6928964189939517,0,3.679167566676439,0,2025-03-08 01:14:27.542505,1,False,-2.545934763868095,0.1919107183021984,0.0,False,False,False
152,-1.3600494431569816,0,17.40332855377859,0,2025-03-08 01:14:28.542505,1,False,-3.9059842070250763,-2.052945862150933,0.0,False,False,False
153,0.4645073943220071,0,-3.5894516519912827,0,2025-03-08 01:14:29.542505,1,False,-3.441476812703069,1.8245568374789887,0.0,False,False,False
154,0.5861449465973625,0,-10.767350790775833,0,2025-03-08 01:14:30.542505,1,False,-2.8553318661057068,0.12163755227535539,0.0,False,False,False
155,-1.4287028360527356,0,-7.265414164085333,0,2025-03-08 01:14:31.542505,1,False,-4.284034702158443,-2.014847782650098,0.0,False,False,False
156,3.731549022289513,0,15.795861495230689,0,2025-03-08 01:14:32.542505,1,False,-0.5524856798689295,5.1602518583422485,0.0,False,False,False
157,0.947665841823575,0,30.499579479051967,0,2025-03-08 01:14:33.542505,1,False,0.39518016195464556,-2.783883180465938,0.0,False,False,True
158,-2.382606994405297,0,-19.706367205290498,0,2025-03-08 01:14:34.542505,1,False,-1.9874268324506517,-3.3302728362288723,0.0,False,False,False
159,1.3131072172676594,0,-16.429524226047857,0,2025-03-08 01:14:35.542505,1,False,-0.6743196151829922,3.6957142116729567,0.0,False,False,False
160,-1.9493633404546429,0,-2.5319518005321866,0,2025-03-08 01:14:36.542505,1,False,-2.6236829556376353,-3.2624705577223025,0.0,False,False,False
161,1.574169207484904,0,1.664341441020656,0,2025-03-08 01:14:37.542505,1,False,-1.0495137481527312,3.523532547939547,0.0,False,False,False
162,2.317191158014808,0,11.80454348332493,0,2025-03-08 01:14:38.542505,1,False,1.2676774098620769,0.743021950529904,0.0,False,False,False
163,-1.641364636703421,0,-13.366995129022296,0,2025-03-08 01:14:39.542505,1,False,-0.37368722684134403,-3.958555794718229,0.0,False,False,False
164,1.9267522584886436,0,-15.946635549741965,0,2025-03-08 01:14:40.542505,1,False,1.5530650316472996,3.5681168951920643,0.0,False,False,False
165,0.8255618538729966,0,2.0713072970044477,0,2025-03-08 01:14:41.542505,1,False,2.3786268855202963,-1.101190404615647,0.0,False,False,False
166,1.64412031998898,0,-3.876010803107526,0,2025-03-08 01:14:42.542505,1,False,4.022747205509276,0.8185584661159834,0.0,False,False,False
167,3.7935859653078943,0,13.900814966572872,0,2025-03-08 01:14:43.542505,1,False,7.81633317081717,2.149465645318914,0.0,False,False,False
168,-0.490776232005741,0,7.310397047855756,0,2025-03-08 01:14:44.542505,1,False,7.325556938811429,-4.284362197313635,0.0,False,False,False
169,-1.5074723287149792,0,8.330690214498283,0,2025-03-08 01:14:45.542505,1,False,5.8180846100964505,-1.0166960967092382,0.0,False,False,False
170,-1.7790288592510466,0,-1.5672201956529983,0,2025-03-08 01:14:46.542505,1,False,4.039055750845404,-0.27155653053606743,0.0,False,False,False
171,-1.6316205699308766,0,35.33370387852309,0,2025-03-08 01:14:47.542505,1,False,2.4074351809145274,0.14740828932017003,0.0,False,False,True
172,-0.1542034188282082,0,-12.5662197239064,0,2025-03-08 01:14:48.542505,1,False,2.253231762086319,1.4774171511026684,0.0,False,False,False
173,0.682303949633287,0,9.162147506321626,0,2025-03-08 01:14:49.542505,1,False,2.9355357117196057,0.8365073684614952,0.0,False,False,False
174,0.5533815986600381,5,-19.04534980609661,0,2025-03-08 01:14:50.542505,1,False,3.4889173103796436,-0.1289223509732489,1.4331052369950152,False,False,False
175,1.6543664980720476,0,-16.102015166091785,0,2025-03-08 01:14:51.542505,1,False,5.143283808451692,1.1009848994120095,0.0,False,False,False
176,0.026003783755814,0,-9.110183981481825,0,2025-03-08 01:14:52.542505,1,False,5.169287592207506,-1.6283627143162336,0.0,False,False,False
177,2.9070681543146337,0,24.43985004927039,0,2025-03-08 01:14:53.542505,1,False,8.07635574652214,2.88106437055882,0.0,False,False,False
178,-0.5293136664759122,0,3.958416456810286,0,2025-03-08 01:14:54.542505,1,False,7.547042080046228,-3.4363818207905457,0.0,False,False,False
179,5.440338333179238,0,-8.857171028165629,0,2025-03-08 01:14:55.542505,1,False,12.987380413225466,5.96965199965515,0.0,False,True,False
180,1.2513346955300124,0,5.6165448893185985,0,2025-03-08 01:14:56.542505,1,False,14.238715108755478,-4.1890036376492255,0.0,False,False,False
181,-1.714315112832565,5,0.5272182213676285,0,2025-03-08 01:14:57.542505,1,False,12.524399995922913,-2.9656498083625777,0.39922040252815555,False,False,False
182,-2.1417849961222246,0,-7.379600537086796,0,2025-03-08 01:14:58.542505,1,False,10.382614999800689,-0.4274698832896595,0.0,False,False,False
183,0.9649448304863706,0,-20.949432836823412,0,2025-03-08 01:14:59.542505,1,False,11.347559830287059,3.1067298266085954,0.0,False,False,False
184,-0.4469255706517017,0,21.57813726768435,1,2025-03-08 01:15:00.542505,1,False,10.900634259635357,-1.4118704011380723,0.0,False,False,False
185,1.4280009881841838,0,3.1472719306506294,0,2025-03-08 01:15:01.542505,1,False,12.328635247819541,1.8749265588358854,0.0,False,False,False
186,0.9464752491470896,0,32.60607560202358,0,2025-03-08 01:15:02.542505,1,False,13.275110496966631,-0.48152573903709417,0.0,False,False,True
187,-0.1456578253137455,0,14.104824308113198,0,2025-03-08 01:15:03.542505,1,False,13.129452671652885,-1.092133074460835,0.0,False,False,False
188,-1.69358743613681,0,8.269795871415637,0,2025-03-08 01:15:04.542505,1,False,11.435865235516076,-1.5479296108230645,0.0,False,False,False
189,-3.0296944493717293,5,32.554175108961566,0,2025-03-08 01:15:05.542505,1,False,8.406170786144347,-1.3361070132349193,0.5948004363933439,False,False,True
190,-0.8930299041340422,0,-16.43018345785375,0,2025-03-08 01:15:06.542505,1,False,7.513140882010305,2.136664545237687,0.0,False,False,False
191,1.7127975886469446,0,-3.2659647673267083,0,2025-03-08 01:15:07.542505,1,False,9.22593847065725,2.605827492780987,0.0,False,False,False
192,0.4281874882604079,0,-16.864388913087463,0,2025-03-08 01:15:08.542505,1,False,9.654125958917657,-1.2846101003865367,0.0,False,False,False
193,-2.491477557423976,0,9.752855710961317,0,2025-03-08 01:15:09.542505,1,False,7.162648401493681,-2.919665045684384,0.0,False,False,False
194,0.346361851702364,0,24.489787465456956,0,2025-03-08 01:15:10.542505,1,False,7.5090102531960445,2.83783940912634,0.0,False,False,False
195,0.7706347594576736,0,-3.913683991756953,0,2025-03-08 01:15:11.542505,1,False,8.279645012653718,0.42427290775530957,0.0,False,False,False
196,-1.767714872402266,0,14.167364585867954,0,2025-03-08 01:15:12.542505,1,False,6.511930140251453,-2.5383496318599397,0.0,False,False,False
197,0.3074502118910558,0,-10.338436053252847,0,2025-03-08 01:15:13.542505,1,False,6.819380352142509,2.075165084293322,0.0,False,False,False
198,0.1164174368919997,0,-4.537002573110266,0,2025-03-08 01:15:14.542505,1,False,6.935797789034509,-0.19103277499905613,0.0,False,False,False
199,-2.285940595661246,5,-12.224459768481644,0,2025-03-08 01:15:15.542505,1,False,4.649857193373263,-2.402358032553246,1.075299528366257,False,False,False
200,0.7155747206965666,0,-31.996995526057656,0,2025-03-08 01:15:16.542505,1,False,5.36543191406983,3.0015153163578128,0.0,False,False,True
201,1.1215690527364688,0,-0.548000248779159,1,2025-03-08 01:15:17.542505,1,False,6.487000966806298,0.4059943320399022,0.0,False,False,False
202,2.166102486350554,0,1.92677606396629,0,2025-03-08 01:15:18.542505,1,False,8.653103453156852,1.0445334336140852,0.0,False,False,False
203,2.107604104069806,20,15.98791498142456,0,2025-03-08 01:15:19.542505,1,False,10.760707557226658,-0.05849838228074811,1.8586121133314615,True,False,False
204,-2.755338735914182,0,11.931573790039316,0,2025-03-08 01:15:20.542505,1,False,8.005368821312477,-4.8629428399839885,0.0,False,False,False
205,-1.8756500798302456,0,12.13429348558493,0,2025-03-08 01:15:21.542505,1,False,6.129718741482231,0.8796886560839365,0.0,False,False,False
206,1.0300705344173195,0,-14.610543346768154,0,2025-03-08 01:15:22.542505,1,False,7.15978927589955,2.9057206142475653,0.0,False,False,False
207,1.0275719018244176,0,6.892459591060381,0,2025-03-08 01:15:23.542505,1,False,8.187361177723968,-0.0024986325929019504,0.0,False,False,False
208,1.0300953726120956,0,23.73890948222388,0,2025-03-08 01:15:24.542505,1,False,9.217456550336063,0.002523470787678006,0.0,False,False,False
209,7.7054629813094415,0,5.698017760636218,0,2025-03-08 01:15:25.542505,1,False,16.922919531645505,6.675367608697346,0.0,False,True,False
210,1.141781021386334,0,27.42890419597496,0,2025-03-08 01:15:26.542505,1,False,18.064700553031837,-6.563681959923107,0.0,False,False,False
211,2.271131280361198,0,30.28449166679795,0,2025-03-08 01:15:27.542505,1,False,20.335831833393037,1.1293502589748639,0.0,False,False,True
212,1.9080035269864049,0,-4.027024054374682,0,2025-03-08 01:15:28.542505,1,False,22.243835360379443,-0.36312775337479297,0.0,False,False,False
213,1.302782502611596,0,-10.454096176208576,0,2025-03-08 01:15:29.542505,1,False,23.546617862991038,-0.6052210243748088,0.0,False,False,False
214,-0.6305384892806911,0,-11.421932481284252,0,2025-03-08 01:15:30.542505,1,False,22.916079373710346,-1.9333209918922871,0.0,False,False,False
215,1.5179384409865344,0,-22.7420373015483,0,2025-03-08 01:15:31.542505,1,False,24.43401781469688,2.1484769302672255,0.0,False,False,False
216,-1.5456504290751436,0,-7.776043491232828,0,2025-03-08 01:15:32.542505,1,False,22.888367385621734,-3.063588870061678,0.0,False,False,False
217,-0.4736372134800177,0,18.114981746343695,0,2025-03-08 01:15:33.542505,1,False,22.414730172141716,1.0720132155951259,0.0,False,False,False
218,-0.9707270956582068,0,-33.0605636287686,0,2025-03-08 01:15:34.542505,1,False,21.44400307648351,-0.4970898821781891,0.0,False,False,True
219,0.1637482787726451,10,-15.561801010706196,0,2025-03-08 01:15:35.542505,1,False,21.607751355256156,1.134475374430852,0.4627966699367248,False,False,False
220,4.629317133347017,0,-1.9069716247799648,0,2025-03-08 01:15:36.542505,1,False,26.23706848860317,4.465568854574372,0.0,False,False,False
221,-3.734530385183497,0,-13.157778009325508,0,2025-03-08 01:15:37.542505,1,False,22.502538103419674,-8.363847518530514,0.0,False,False,False
222,1.3725203807490272,0,-7.909289163603302,0,2025-03-08 01:15:38.542505,1,False,23.8750584841687,5.107050765932524,0.0,False,False,False
223,-3.2254317423793037,0,-7.684945116334553,0,2025-03-08 01:15:39.542505,1,False,20.649626741789397,-4.597952123128331,0.0,False,False,False
224,-0.943863731578867,0,-3.863103300926233,0,2025-03-08 01:15:40.542505,1,False,19.705763010210532,2.2815680108004366,0.0,False,False,False
225,2.1779011939347326,0,-10.94182044164608,0,2025-03-08 01:15:41.542505,1,False,21.883664204145266,3.1217649255135997,0.0,False,False,False
226,0.1285600381909255,0,-12.16819820783322,0,2025-03-08 01:15:42.542505,1,False,22.012224242336192,-2.0493411557438073,0.0,False,False,False
227,-2.155489555858612,0,14.01464618881847,0,2025-03-08 01:15:43.542505,1,False,19.85673468647758,-2.284049594049537,0.0,False,False,False
228,-1.4306074185199364,5,15.744812667905178,0,2025-03-08 01:15:44.542505,1,False,18.426127267957643,0.7248821373386753,0.27135367154215284,False,False,False
229,1.3591954978693517,0,-20.70815017871114,0,2025-03-08 01:15:45.542505,1,False,19.785322765826994,2.789802916389288,0.0,False,False,False
230,-1.4607332634342731,0,-41.39396098909326,0,2025-03-08 01:15:46.542505,1,False,18.32458950239272,-2.8199287613036246,0.0,False,False,True
231,0.4329171791639497,0,15.950622743563963,0,2025-03-08 01:15:47.542505,1,False,18.75750668155667,1.8936504425982228,0.0,False,False,False
232,0.0911436798076275,0,-18.432006278282064,0,2025-03-08 01:15:48.542505,1,False,18.848650361364296,-0.3417734993563222,0.0,False,False,False
233,-1.3032006952116335,0,3.191172576896098,0,2025-03-08 01:15:49.542505,1,False,17.545449666152663,-1.394344375019261,0.0,False,False,False
234,4.287888178650651,0,-23.48507809542326,0,2025-03-08 01:15:50.542505,1,False,21.833337844803314,5.591088873862285,0.0,False,False,False
235,1.2678380446360225,10,19.46632477889508,0,2025-03-08 01:15:51.542505,1,False,23.101175889439336,-3.020050134014629,0.43287821014294686,False,False,False
236,-4.050285173315214,0,38.15501842952292,0,2025-03-08 01:15:52.542505,1,False,19.050890716124123,-5.3181232179512365,0.0,False,False,True
237,0.3729086295388553,0,2.7421036380800494,0,2025-03-08 01:15:53.542505,1,False,19.423799345662978,4.42319380285407,0.0,False,False,False
238,-1.323572929536776,10,-1.41153972689275,0,2025-03-08 01:15:54.542505,1,False,18.1002264161262,-1.6964815590756313,0.5524789715503723,False,False,False
239,1.704866669592448,0,-4.832093627850958,0,2025-03-08 01:15:55.542505,1,False,19.80509308571865,3.028439599129224,0.0,False,False,False
240,-1.5850414768654013,0,11.726989669693676,0,2025-03-08 01:15:56.542505,1,False,18.220051608853247,-3.289908146457849,0.0,False,False,False
241,-0.229472882933798,0,8.515301264018785,0,2025-03-08 01:15:57.542505,1,False,17.99057872591945,1.3555685939316033,0.0,False,False,False
242,1.0099745579609145,0,15.052476803292969,1,2025-03-08 01:15:58.542505,1,False,19.000553283880365,1.2394474408947125,0.0,False,False,False
243,1.731510388340243,5,-9.41874783897124,0,2025-03-08 01:15:59.542505,1,False,20.732063672220608,0.7215358303793284,0.24117220877425385,False,False,False
244,-2.4005928141115525,0,5.101765596069674,0,2025-03-08 01:16:00.542505,1,False,18.331470858109057,-4.132103202451796,0.0,False,False,False
245,-0.6690024716818967,0,-8.137021000592942,1,2025-03-08 01:16:01.542505,1,False,17.66246838642716,1.7315903424296557,0.0,False,False,False
246,-0.9498906223219123,0,-15.865734721050814,0,2025-03-08 01:16:02.542505,1,False,16.712577764105248,-0.2808881506400156,0.0,False,False,False
247,-1.3066584651474238,5,-0.6152313150519542,0,2025-03-08 01:16:03.542505,1,False,15.405919298957825,-0.35676784282551144,0.3245503664837822,False,False,False
248,3.5309084805621938,0,-13.837690955656232,0,2025-03-08 01:16:04.542505,1,False,18.93682777952002,4.837566945709618,0.0,False,False,False
249,0.8099634219219111,5,17.605904966138826,0,2025-03-08 01:16:05.542505,1,False,19.74679120144193,-2.720945058640283,0.25320556727106236,False,False,False
250,-2.5217679086700904,0,-12.928805670237344,0,2025-03-08 01:16:06.542505,1,False,17.22502329277184,-3.3317313305920013,0.0,False,False,False
251,1.835723894109552,0,5.453189110310397,0,2025-03-08 01:16:07.542505,1,False,19.060747186881393,4.357491802779642,0.0,False,False,False
252,4.2443123940252665,0,-9.051334481395832,0,2025-03-08 01:16:08.542505,1,False,23.305059580906658,2.4085884999157146,0.0,False,False,False
253,2.0649305211022937,0,4.15594125656268,0,2025-03-08 01:16:09.542505,1,False,25.369990102008952,-2.179381872922973,0.0,False,False,False
254,-3.038739931908027,0,-7.859948601830345,0,2025-03-08 01:16:10.542505,1,False,22.331250170100926,-5.10367045301032,0.0,False,False,False
255,-0.9684681457325028,0,-18.85816912286306,0,2025-03-08 01:16:11.542505,1,False,21.362782024368425,2.0702717861755238,0.0,False,False,False
256,2.5338222983732455,0,7.256591114277679,0,2025-03-08 01:16:12.542505,1,False,23.89660432274167,3.502290444105748,0.0,False,False,False
257,-1.4153389312375615,5,-3.531234328698328,0,2025-03-08 01:16:13.542505,1,False,22.48126539150411,-3.949161229610807,0.22240731065860916,False,False,False
258,0.8876388562924569,20,4.28977411083689,0,2025-03-08 01:16:14.542505,1,False,23.368904247796568,2.3029777875300184,0.8558377932293444,True,False,False
259,1.5492681068586736,0,-6.4326440344565645,0,2025-03-08 01:16:15.542505,1,False,24.91817235465524,0.6616292505662167,0.0,False,False,False
260,-1.853860943156166,0,-19.91904770652678,0,2025-03-08 01:16:16.542505,1,False,23.064311411499073,-3.4031290500148392,0.0,False,False,False
261,-0.1190507121236001,0,16.247678955843845,0,2025-03-08 01:16:17.542505,1,False,22.945260699375474,1.7348102310325657,0.0,False,False,False
262,-6.482534680138145,0,11.051366331616324,0,2025-03-08 01:16:18.542505,1,False,16.46272601923733,-6.363483968014545,0.0,False,False,False
263,-2.0487752826685797,0,-8.504414633298659,0,2025-03-08 01:16:19.542505,1,False,14.41395073656875,4.433759397469565,0.0,False,False,False
264,-0.5051363027863206,0,1.046688202481968,0,2025-03-08 01:16:20.542505,1,False,13.90881443378243,1.543638979882259,0.0,False,False,False
265,-2.495566363929699,5,15.630292247444055,0,2025-03-08 01:16:21.542505,1,False,11.413248069852731,-1.9904300611433783,0.4380870010472406,False,False,False
266,3.2648226078632705,0,-6.855575037935954,0,2025-03-08 01:16:22.542505,1,False,14.678070677716,5.7603889717929695,0.0,False,False,False
267,-2.860282755921266,5,-4.528267577858276,0,2025-03-08 01:16:23.542505,1,False,11.817787921794736,-6.125105363784536,0.42309066655970234,False,False,False
268,-0.8800889733939675,5,3.654487500110605,0,2025-03-08 01:16:24.542505,1,False,10.937698948400769,1.9801937825272984,0.45713412411939003,False,False,False
269,0.2614811545721827,0,-6.88636595331879,0,2025-03-08 01:16:25.542505,1,False,11.199180102972951,1.1415701279661503,0.0,False,False,False
270,2.882546578132231,5,12.856379954805336,0,2025-03-08 01:16:26.542505,1,False,14.081726681105183,2.621065423560048,0.3550698406901032,False,False,False
271,-2.8717243023588788,0,-2.5335117046115685,0,2025-03-08 01:16:27.542505,1,False,11.210002378746303,-5.754270880491109,0.0,False,False,False
272,2.326327504309919,0,-11.76053812490961,0,2025-03-08 01:16:28.542505,1,False,13.536329883056222,5.198051806668798,0.0,False,False,False
273,0.020466122039174,0,9.129582448109918,0,2025-03-08 01:16:29.542505,1,False,13.556796005095396,-2.305861382270745,0.0,False,False,False
274,-1.963017302095902,0,-17.1319597414702,0,2025-03-08 01:16:30.542505,1,False,11.593778702999494,-1.983483424135076,0.0,False,False,False
275,0.9242069485265416,0,30.22317841686321,0,2025-03-08 01:16:31.542505,1,False,12.517985651526036,2.8872242506224435,0.0,False,False,True
276,0.39811939114694,0,23.73744545370304,0,2025-03-08 01:16:32.542505,1,False,12.916105042672976,-0.5260875573796016,0.0,False,False,False
277,-1.2004337543175894,0,7.702432153815229,0,2025-03-08 01:16:33.542505,1,False,11.715671288355386,-1.5985531454645294,0.0,False,False,False
278,0.1396041699800377,0,6.4399653272985296,0,2025-03-08 01:16:34.542505,1,False,11.855275458335424,1.340037924297627,0.0,False,False,False
279,-0.7706271937235198,0,5.736621267289477,0,2025-03-08 01:16:35.542505,1,False,11.084648264611904,-0.9102313637035575,0.0,False,False,False
280,0.2270346905024959,0,-7.336421788783606,0,2025-03-08 01:16:36.542505,1,False,11.3116829551144,0.9976618842260158,0.0,False,False,False
281,1.3242613490420927,0,4.459644685212634,0,2025-03-08 01:16:37.542505,1,False,12.635944304156492,1.0972266585395969,0.0,False,False,False
282,3.172033632290704,0,-13.846989156867725,0,2025-03-08 01:16:38.542505,1,False,15.807977936447196,1.8477722832486114,0.0,False,False,False
283,-2.475630997653698,0,7.557276276602717,0,2025-03-08 01:16:39.542505,1,False,13.3323469387935,-5.647664629944402,0.0,False,False,False
284,4.266066749312533,0,13.01770414546943,0,2025-03-08 01:16:40.542505,1,False,17.59841368810603,6.741697746966231,0.0,False,False,False
285,-3.904175599045004,0,-5.671291514750018,0,2025-03-08 01:16:41.542505,1,False,13.694238089061027,-8.170242348357537,0.0,False,False,False
286,-0.3035701900711665,0,-8.926526912320792,0,2025-03-08 01:16:42.542505,1,False,13.39066789898986,3.6006054089738377,0.0,False,False,False
287,1.1766344129691524,0,-18.18715536971865,0,2025-03-08 01:16:43.542505,1,False,14.567302311959013,1.4802046030403189,0.0,False,False,False
288,0.5619837354700654,0,21.869328503485367,0,2025-03-08 01:16:44.542505,1,False,15.129286047429078,-0.614650677499087,0.0,False,False,False
289,6.097298044201733,0,-7.73496050763317,0,2025-03-08 01:16:45.542505,1,False,21.226584091630812,5.535314308731667,0.0,False,True,False
290,-0.4162445007145506,10,-2.9810855402493504,0,2025-03-08 01:16:46.542505,1,False,20.81033959091626,-6.513542544916284,0.48053013027541885,False,False,False
291,-0.9860018693176662,0,4.502333774935889,0,2025-03-08 01:16:47.542505,1,False,19.824337721598596,-0.5697573686031157,0.0,False,False,False
292,-1.1787295138884235,5,4.233114643349017,0,2025-03-08 01:16:48.542505,1,False,18.645608207710172,-0.1927276445707573,0.2681595184616858,False,False,False
293,1.69920419404205,0,11.198401435216043,0,2025-03-08 01:16:49.542505,1,False,20.344812401752222,2.8779337079304734,0.0,False,False,False
294,0.7140309719300947,0,-5.689948797574931,0,2025-03-08 01:16:50.542505,1,False,21.058843373682315,-0.9851732221119552,0.0,False,False,False
295,-1.3858191905213084,0,-17.080019077063696,0,2025-03-08 01:16:51.542505,1,False,19.673024183161008,-2.099850162451403,0.0,False,False,False
296,1.7991997508665014,0,-19.704979634584745,0,2025-03-08 01:16:52.542505,1,False,21.47222393402751,3.18501894138781,0.0,False,False,False
297,0.6145990417532187,0,-8.688828492642697,0,2025-03-08 01:16:53.542505,1,False,22.08682297578073,-1.1846007091132829,0.0,False,False,False
298,1.6257242376779202,0,-14.27775712011936,0,2025-03-08 01:16:54.542505,1,False,23.712547213458652,1.0111251959247016,0.0,False,False,False
299,1.2592576838472245,0,-4.554250579616373,0,2025-03-08 01:16:55.542505,1,False,24.971804897305876,-0.3664665538306957,0.0,False,False,False
300,-1.657990021844145,0,19.61368216139974,0,2025-03-08 01:16:56.542505,1,False,23.31381487546173,-2.9172477056913695,0.0,False,False,False
301,-1.1203620803939394,0,-5.659173088255334,0,2025-03-08 01:16:57.542505,1,False,22.193452795067792,0.5376279414502056,0.0,False,False,False
302,1.4945872102465236,0,-5.664762920018351,0,2025-03-08 01:16:58.542505,1,False,23.688040005314317,2.614949290640463,0.0,False,False,False
303,1.2207405308669297,0,-0.2459816438368262,0,2025-03-08 01:16:59.542505,1,False,24.908780536181247,-0.27384667937959395,0.0,False,False,False
304,-0.0418031879282962,0,-6.084374868180992,0,2025-03-08 01:17:00.542505,1,False,24.866977348252952,-1.262543718795226,0.0,False,False,False
305,0.234654766617564,0,-1.01086853577291,0,2025-03-08 01:17:01.542505,1,False,25.101632114870515,0.2764579545458602,0.0,False,False,False
306,2.55532979157685,5,8.113038337220198,0,2025-03-08 01:17:02.542505,1,False,27.656961906447364,2.320675024959286,0.1807862414190906,False,False,False
307,-1.18314277767166,0,13.27126582144971,0,2025-03-08 01:17:03.542505,1,False,26.473819128775705,-3.73847256924851,0.0,False,False,False
308,1.0941947623400754,10,15.048197996085358,0,2025-03-08 01:17:04.542505,1,False,27.568013891115783,2.2773375400117355,0.3627390936505483,False,False,False
309,-0.4043853048677879,0,30.852783310965304,0,2025-03-08 01:17:05.542505,1,False,27.163628586247995,-1.4985800672078633,0.0,False,False,True
310,-0.4353624064544407,0,8.540391692586569,0,2025-03-08 01:17:06.542505,1,False,26.728266179793554,-0.03097710158665279,0.0,False,False,False
311,2.1975537039743807,0,33.51718352023964,0,2025-03-08 01:17:07.542505,1,False,28.925819883767936,2.6329161104288215,0.0,False,False,True
312,1.6508326979760597,0,-11.647227120894646,0,2025-03-08 01:17:08.542505,1,False,30.576652581743996,-0.546721005998321,0.0,False,False,False
313,1.627019272001277,0,31.369273536368777,0,2025-03-08 01:17:09.542505,1,False,32.20367185374527,-0.023813425974782643,0.0,False,False,True
314,2.610957614308658,0,-5.705640813293849,0,2025-03-08 01:17:10.542505,1,False,34.81462946805393,0.9839383423073811,0.0,False,False,False
315,0.0420076832655181,0,-4.230283961445528,0,2025-03-08 01:17:11.542505,1,False,34.85663715131945,-2.56894993104314,0.0,False,False,False
316,1.3639059425899278,0,-1.798088211343098,0,2025-03-08 01:17:12.542505,1,False,36.22054309390938,1.3218982593244097,0.0,False,False,False
317,-0.6205335131869121,0,-3.2793106673809604,0,2025-03-08 01:17:13.542505,1,False,35.600009580722464,-1.98443945577684,0.0,False,False,False
318,0.6483327049768842,5,1.2876059508975466,0,2025-03-08 01:17:14.542505,1,False,36.24834228569935,1.2688662181637964,0.13793730431086637,False,False,False
319,-0.2602861087353691,0,-8.700420037326586,0,2025-03-08 01:17:15.542505,1,False,35.98805617696398,-0.9086188137122533,0.0,False,False,False
320,0.1939919299854363,0,12.44943259607058,0,2025-03-08 01:17:16.542505,1,False,36.182048106949416,0.4542780387208054,0.0,False,False,False
321,1.1903140508738272,0,-8.292525519317696,0,2025-03-08 01:17:17.542505,1,False,37.37236215782325,0.996322120888391,0.0,False,False,False
322,-1.636441366466945,0,9.834155973793374,1,2025-03-08 01:17:18.542505,1,False,35.7359207913563,-2.826755417340772,0.0,False,False,False
323,4.1847745513709205,0,22.915854292856466,0,2025-03-08 01:17:19.542505,1,False,39.92069534272722,5.821215917837866,0.0,False,False,False
324,-2.012034762999404,10,-5.356535547116097,0,2025-03-08 01:17:20.542505,1,False,37.908660579727815,-6.1968093143703245,0.2637918937032742,False,False,False
325,-2.4283772255754643,0,11.91575126968766,0,2025-03-08 01:17:21.542505,1,False,35.48028335415235,-0.41634246257606033,0.0,False,False,False
326,2.3162217470001356,0,8.38738933354777,0,2025-03-08 01:17:22.542505,1,False,37.79650510115248,4.7445989725756,0.0,False,False,False
327,1.5833253879258715,0,33.79330323329625,0,2025-03-08 01:17:23.542505,1,False,39.37983048907836,-0.7328963590742641,0.0,False,False,True
328,1.2482396341043105,5,-7.572458472674251,0,2025-03-08 01:17:24.542505,1,False,40.62807012318267,-0.335085753821561,0.12306759228691598,False,False,False
329,1.2566910185285598,0,11.92607425208676,0,2025-03-08 01:17:25.542505,1,False,41.88476114171122,0.008451384424249309,0.0,False,False,False
330,-0.0244935456938292,0,-24.390166376648295,0,2025-03-08 01:17:26.542505,1,False,41.860267596017394,-1.281184564222389,0.0,False,False,False
331,-1.794508742971663,0,-7.437876161052195,0,2025-03-08 01:17:27.542505,1,False,40.06575885304573,-1.770015197277834,0.0,False,False,False
332,0.1516091163874526,0,5.30089256395362,0,2025-03-08 01:17:28.542505,1,False,40.217367969433184,1.9461178593591157,0.0,False,False,False
333,-1.3543234230242234,0,20.89739953634672,0,2025-03-08 01:17:29.542505,1,False,38.86304454640896,-1.505932539411676,0.0,False,False,False
334,1.9502394668355023,5,-18.38900047476304,0,2025-03-08 01:17:30.542505,1,False,40.81328401324446,3.3045628898597257,0.1225091020189998,False,False,False
335,-0.2941147630042773,0,11.791359611116658,0,2025-03-08 01:17:31.542505,1,False,40.51916925024018,-2.2443542298397796,0.0,False,False,False
336,-1.650994393585023,0,-0.948351847244384,0,2025-03-08 01:17:32.542505,1,False,38.86817485665516,-1.3568796305807458,0.0,False,False,False
337,-0.6427716833059869,0,-22.82291480088469,0,2025-03-08 01:17:33.542505,1,False,38.22540317334917,1.0082227102790362,0.0,False,False,False
338,0.825862908551249,0,2.7238026892318494,0,2025-03-08 01:17:34.542505,1,False,39.05126608190042,1.4686345918572359,0.0,False,False,False
339,-1.12744910560795,0,25.63741849467317,0,2025-03-08 01:17:35.542505,1,False,37.92381697629247,-1.953312014159199,0.0,False,False,False
340,-1.644440791132863,0,-16.806339898674253,0,2025-03-08 01:17:36.542505,1,False,36.279376185159606,-0.5169916855249128,0.0,False,False,False
341,0.4873744229838246,0,-1.6490657305527523,0,2025-03-08 01:17:37.542505,1,False,36.76675060814343,2.1318152141166875,0.0,False,False,False
342,6.284624558601228,0,-14.799584769593494,0,2025-03-08 01:17:38.542505,1,False,43.05137516674466,5.7972501356174035,0.0,False,True,False
343,-1.0138863507422595,0,-7.028743978650238,0,2025-03-08 01:17:39.542505,1,False,42.0374888160024,-7.298510909343488,0.0,False,False,False
344,-0.9420766112366455,0,21.4825521528695,0,2025-03-08 01:17:40.542505,1,False,41.09541220476576,0.07180973950561398,0.0,False,False,False
345,0.4640998747152726,0,-4.072867132370738,0,2025-03-08 01:17:41.542505,1,False,41.55951207948103,1.4061764859519181,0.0,False,False,False
346,-2.896168682994648,0,21.023486062729894,0,2025-03-08 01:17:42.542505,1,False,38.66334339648638,-3.3602685577099205,0.0,False,False,False
347,-2.8149275487531105,0,16.635810718973797,0,2025-03-08 01:17:43.542505,1,False,35.84841584773327,0.08124113424153734,0.0,False,False,False
348,-1.436888442504872,0,-5.44106870226672,0,2025-03-08 01:17:44.542505,1,False,34.4115274052284,1.3780391062482384,0.0,False,False,False
349,-0.4268943034236945,5,-7.538991909093488,0,2025-03-08 01:17:45.542505,1,False,33.984633101804704,1.0099941390811775,0.14712527611433066,False,False,False
350,0.6218151311960092,0,-13.43998210221753,0,2025-03-08 01:17:46.542505,1,False,34.60644823300071,1.0487094346197037,0.0,False,False,False
351,2.950712433899104,0,-13.963217912901063,0,2025-03-08 01:17:47.542505,1,False,37.55716066689982,2.328897302703095,0.0,False,False,False
352,1.7153192464040388,0,5.298110917617647,0,2025-03-08 01:17:48.542505,1,False,39.272479913303854,-1.2353931874950652,0.0,False,False,False
353,-0.3198770599268542,0,-0.296779728224484,0,2025-03-08 01:17:49.542505,1,False,38.952602853377,-2.035196306330893,0.0,False,False,False
354,-0.0380324158053776,0,-9.3540815239381,0,2025-03-08 01:17:50.542505,1,False,38.914570437571626,0.28184464412147664,0.0,False,False,False
355,-2.0050587292756177,5,-23.231443831849184,0,2025-03-08 01:17:51.542505,1,False,36.90951170829601,-1.9670263134702402,0.13546639914535033,False,False,False
356,-0.0370262719847798,0,1.592681517333178,0,2025-03-08 01:17:52.542505,1,False,36.87248543631123,1.9680324572908379,0.0,False,False,False
357,-0.5773172778402758,0,-7.043282685920003,0,2025-03-08 01:17:53.542505,1,False,36.29516815847096,-0.5402910058554959,0.0,False,False,False
358,0.645437120676179,0,-2.9294654337314077,0,2025-03-08 01:17:54.542505,1,False,36.940605279147135,1.2227543985164546,0.0,False,False,False
359,-1.654461887104646,0,4.569927430471223,0,2025-03-08 01:17:55.542505,1,False,35.28614339204249,-2.299899007780825,0.0,False,False,False
360,1.0386930284823446,0,-37.52704292081795,0,2025-03-08 01:17:56.542505,1,False,36.32483642052483,2.6931549155869905,0.0,False,False,True
361,3.0654778260051554,0,-22.99911905563687,0,2025-03-08 01:17:57.542505,1,False,39.39031424652999,2.0267847975228106,0.0,False,False,False
362,-0.2175202969137152,0,34.446646152077825,0,2025-03-08 01:17:58.542505,1,False,39.17279394961628,-3.2829981229188707,0.0,False,False,True
363,0.8034234441978829,5,-7.599157600494266,0,2025-03-08 01:17:59.542505,1,False,39.97621739381416,1.020943741111598,0.125074333571899,False,False,False
364,1.380287983422225,0,-37.761496535962934,0,2025-03-08 01:18:00.542505,1,False,41.35650537723639,0.5768645392243421,0.0,False,False,True
365,-0.8024409437716725,0,-21.749102692743783,0,2025-03-08 01:18:01.542505,1,False,40.55406443346472,-2.1827289271938977,0.0,False,False,False
366,0.4481849636208335,0,37.2670105296215,0,2025-03-08 01:18:02.542505,1,False,41.00224939708555,1.250625907392506,0.0,False,False,True
367,0.0251848015635897,0,-10.5449619040476,0,2025-03-08 01:18:03.542505,1,False,41.02743419864914,-0.4230001620572438,0.0,False,False,False
368,0.1953521970976634,0,17.385228673457352,0,2025-03-08 01:18:04.542505,1,False,41.2227863957468,0.1701673955340737,0.0,False,False,False
369,-1.546019567710933,0,1.816769975058078,0,2025-03-08 01:18:05.542505,1,False,39.676766828035866,-1.7413717648085965,0.0,False,False,False
370,0.0490203485178853,0,-7.274505562484566,0,2025-03-08 01:18:06.542505,1,False,39.72578717655375,1.5950399162288182,0.0,False,False,False
371,0.995996582490899,0,11.63168206144639,0,2025-03-08 01:18:07.542505,1,False,40.72178375904465,0.9469762339730137,0.0,False,False,False
372,2.9022872155900834,0,-35.76535013034432,0,2025-03-08 01:18:08.542505,1,False,43.62407097463473,1.9062906330991845,0.0,False,False,True
373,1.9185416521704135,0,-21.61698929784904,0,2025-03-08 01:18:09.542505,1,False,45.542612626805145,-0.9837455634196699,0.0,False,False,False
374,4.306364915023113,0,-7.385265182093412,0,2025-03-08 01:18:10.542505,1,False,49.848977541828255,2.387823262852699,0.0,False,False,False
375,-1.534695125776099,0,-20.14356597404412,0,2025-03-08 01:18:11.542505,1,False,48.31428241605216,-5.841060040799212,0.0,False,False,False
376,1.7446412734413563,0,-8.711666827559574,0,2025-03-08 01:18:12.542505,1,False,50.05892368949351,3.2793363992174553,0.0,False,False,False
377,0.3666840114767035,0,12.80569568524242,0,2025-03-08 01:18:13.542505,1,False,50.42560770097022,-1.377957261964653,0.0,False,False,False
378,4.3796058664353446,0,1.9820508200397144,0,2025-03-08 01:18:14.542505,1,False,54.80521356740556,4.012921854958641,0.0,False,False,False
379,-1.616596570710303,0,19.959255532643837,0,2025-03-08 01:18:15.542505,1,False,53.18861699669526,-5.996202437145648,0.0,False,False,False
380,-1.679443684361552,0,2.9306292652761656,0,2025-03-08 01:18:16.542505,1,False,51.50917331233371,-0.06284711365124895,0.0,False,False,False
381,-1.1987852908880443,0,14.886912472417896,0,2025-03-08 01:18:17.542505,1,False,50.31038802144566,0.4806583934735076,0.0,False,False,False
382,-4.247791448619614,0,-0.9610545019274636,0,2025-03-08 01:18:18.542505,1,False,46.062596572826045,-3.0490061577315695,0.0,False,False,False
383,-1.051510043361522,0,-8.854132250396741,0,2025-03-08 01:18:19.542505,1,False,45.01108652946452,3.196281405258092,0.0,False,False,False
384,-1.518265323107396,0,22.208520833128325,0,2025-03-08 01:18:20.542505,1,False,43.49282120635713,-0.46675527974587383,0.0,False,False,False
385,0.3007875729524152,0,-10.640254319041002,0,2025-03-08 01:18:21.542505,1,False,43.793608779309544,1.8190528960598111,0.0,False,False,False
386,0.6835119515543189,5,5.157672346864491,0,2025-03-08 01:18:22.542505,1,False,44.47712073086386,0.38272437860190367,0.11241732364112164,False,False,False
387,3.752341678431773,0,11.533460448367098,0,2025-03-08 01:18:23.542505,1,False,48.229462409295635,3.0688297268774543,0.0,False,False,False
388,1.9008476763721005,0,12.62239056706285,0,2025-03-08 01:18:24.542505,1,False,50.13031008566774,-1.8514940020596724,0.0,False,False,False
389,-1.1538073113248062,0,-17.481640053300293,0,2025-03-08 01:18:25.542505,1,False,48.97650277434293,-3.0546549876969067,0.0,False,False,False
390,-1.796829342696716,0,15.779256087423988,0,2025-03-08 01:18:26.542505,1,False,47.179673431646215,-0.6430220313719097,0.0,False,False,False
391,0.9838383430130114,0,-14.684328691609052,0,2025-03-08 01:18:27.542505,1,False,48.16351177465923,2.7806676857097274,0.0,False,False,False
392,-2.6404664140412843,0,12.160554830249906,0,2025-03-08 01:18:28.542505,1,False,45.52304536061794,-3.6243047570542957,0.0,False,False,False
393,3.662917531708707,0,8.027602065736485,0,2025-03-08 01:18:29.542505,1,False,49.18596289232665,6.303383945749991,0.0,False,False,False
394,2.358880241442574,0,12.279459926698475,0,2025-03-08 01:18:30.542505,1,False,51.54484313376923,-1.304037290266133,0.0,False,False,False
395,-0.9383513042094096,0,-18.075052816485417,0,2025-03-08 01:18:31.542505,1,False,50.606491829559815,-3.2972315456519836,0.0,False,False,False
396,-3.426269058181756,0,8.818946141015873,0,2025-03-08 01:18:32.542505,1,False,47.180222771378055,-2.4879177539723463,0.0,False,False,False
397,2.7077447483308266,0,16.283905146122574,0,2025-03-08 01:18:33.542505,1,False,49.88796751970888,6.134013806512582,0.0,False,False,False
398,-0.2290796905052357,0,2.9009367474261096,0,2025-03-08 01:18:34.542505,1,False,49.65888782920364,-2.9368244388360623,0.0,False,False,False
399,2.4756326239469235,0,-12.279250194068652,0,2025-03-08 01:18:35.542505,1,False,52.134520453150564,2.704712314452159,0.0,False,False,False
400,-3.188855317588734,0,13.796214214919852,0,2025-03-08 01:18:36.542505,1,False,48.94566513556183,-5.664487941535658,0.0,False,False,False
401,-1.1987500459075455,0,1.7087944215115476,0,2025-03-08 01:18:37.542505,1,False,47.74691508965429,1.9901052716811887,0.0,False,False,False
402,0.0104873994363663,0,-25.11666395741544,0,2025-03-08 01:18:38.542505,1,False,47.75740248909065,1.2092374453439119,0.0,False,False,False
403,0.0939611875294841,0,-13.442841934749904,0,2025-03-08 01:18:39.542505,1,False,47.85136367662014,0.0834737880931178,0.0,False,False,False
404,-0.9001309429584873,0,-7.894417968404607,0,2025-03-08 01:18:40.542505,1,False,46.95123273366165,-0.9940921304879714,0.0,False,False,False
405,1.2456998646949975,0,22.587274314594847,0,2025-03-08 01:18:41.542505,1,False,48.196932598356646,2.1458308076534847,0.0,False,False,False
406,-2.1352408587651888,0,19.95274629459321,0,2025-03-08 01:18:42.542505,1,False,46.06169173959146,-3.3809407234601863,0.0,False,False,False
407,-0.284758970042587,0,19.904527965850136,0,2025-03-08 01:18:43.542505,1,False,45.77693276954887,1.8504818887226018,0.0,False,False,False
408,0.2405912634237977,0,3.4854041652579975,0,2025-03-08 01:18:44.542505,1,False,46.017524032972666,0.5253502334663847,0.0,False,False,False
409,1.028877668117498,20,13.703921876687987,0,2025-03-08 01:18:45.542505,1,False,47.04640170109016,0.7882864046937004,0.425112123897359,True,False,False
410,1.4232297561777791,0,-17.11169113028836,0,2025-03-08 01:18:46.542505,1,False,48.46963145726794,0.3943520880602811,0.0,False,False,False
411,-2.249284183675738,0,0.1020464758915674,0,2025-03-08 01:18:47.542505,1,False,46.220347273592196,-3.672513939853517,0.0,False,False,False
412,-3.068228341471245,0,6.774490524743946,0,2025-03-08 01:18:48.542505,1,False,43.15211893212095,-0.818944157795507,0.0,False,False,False
413,2.555353643797018,0,-16.1234858596368,0,2025-03-08 01:18:49.542505,1,False,45.70747257591797,5.623581985268263,0.0,False,False,False
414,0.6646280239591833,10,3.148681344628047,0,2025-03-08 01:18:50.542505,1,False,46.37210059987715,-1.8907256198378348,0.21564685908487616,False,False,False
415,-1.4969730731131072,0,25.299587787065164,0,2025-03-08 01:18:51.542505,1,False,44.87512752676405,-2.1616010970722908,0.0,False,False,False
416,3.102303951045046,0,8.381546768409402,0,2025-03-08 01:18:52.542505,1,False,47.97743147780909,4.5992770241581535,0.0,False,False,False
417,0.2313492685857173,0,13.763178099961808,0,2025-03-08 01:18:53.542505,1,False,48.20878074639481,-2.8709546824593284,0.0,False,False,False
418,2.358594368127653,0,-36.78610385148393,0,2025-03-08 01:18:54.542505,1,False,50.56737511452246,2.1272450995419354,0.0,False,False,True
419,0.1350369628202179,0,23.36953273729386,0,2025-03-08 01:18:55.542505,1,False,50.70241207734268,-2.223557405307435,0.0,False,False,False
420,4.121495849763974,0,-2.7918352162825437,0,2025-03-08 01:18:56.542505,1,False,54.82390792710665,3.9864588869437565,0.0,False,False,False
421,3.510681684886409,0,-11.530294711050637,0,2025-03-08 01:18:57.542505,1,False,58.33458961199306,-0.6108141648775653,0.0,False,False,False
422,-0.497928296958147,0,-2.6195677771489523,0,2025-03-08 01:18:58.542505,1,False,57.83666131503491,-4.008609981844556,0.0,False,False,False
423,1.9431419019087108,20,-22.275332374213463,0,2025-03-08 01:18:59.542505,1,False,59.77980321694362,2.441070198866858,0.33456109886826013,True,False,False
424,1.290751899170295,0,15.719130926282135,0,2025-03-08 01:19:00.542505,1,False,61.070555116113916,-0.6523900027384157,0.0,False,False,False
425,2.7372631150646973,0,-5.030935841606893,0,2025-03-08 01:19:01.542505,1,False,63.807818231178615,1.4465112158944022,0.0,False,False,False
426,-1.929846921160209,0,-11.07946218039104,0,2025-03-08 01:19:02.542505,1,False,61.87797131001841,-4.667110036224907,0.0,False,False,False
427,1.3721029199968786,10,-2.5208259853254757,0,2025-03-08 01:19:03.542505,1,False,63.25007423001529,3.3019498411570876,0.15810255625326908,False,False,False
428,2.1168489736991756,0,16.770234818642116,0,2025-03-08 01:19:04.542505,1,False,65.36692320371446,0.744746053702297,0.0,False,False,False
429,-3.517478972846229,0,1.971876011718309,0,2025-03-08 01:19:05.542505,1,False,61.84944423086824,-5.634327946545405,0.0,False,False,False
430,-2.36651702533155,0,-21.145406543002004,0,2025-03-08 01:19:06.542505,1,False,59.48292720553668,1.1509619475146788,0.0,False,False,False
431,-4.078464355520201,0,6.974712446116233,0,2025-03-08 01:19:07.542505,1,False,55.40446285001648,-1.711947330188651,0.0,False,False,False
432,-0.5388136688891153,0,-13.934699314839376,0,2025-03-08 01:19:08.542505,1,False,54.86564918112737,3.5396506866310857,0.0,False,False,False
433,1.4350845115919242,0,-32.34151547062225,0,2025-03-08 01:19:09.542505,1,False,56.30073369271929,1.9738981804810396,0.0,False,False,True
434,3.004714104192056,0,22.440108190757673,0,2025-03-08 01:19:10.542505,1,False,59.305447796911345,1.569629592600132,0.0,False,False,False
435,0.1481895608395503,0,6.858448122415334,0,2025-03-08 01:19:11.542505,1,False,59.45363735775089,-2.856524543352506,0.0,False,False,False
436,3.2572310911425837,5,-1.1740599570512231,0,2025-03-08 01:19:12.542505,1,False,62.71086844889348,3.1090415303030334,0.07973098326273284,False,False,False
437,-2.7602029164297828,0,-5.18414272045048,0,2025-03-08 01:19:13.542505,1,False,59.950665532463695,-6.0174340075723665,0.0,False,False,False
438,4.565214417432417,0,20.95619251099974,0,2025-03-08 01:19:14.542505,1,False,64.51587994989612,7.3254173338622,0.0,False,False,False
439,-0.1110953977932375,0,46.30732725297608,0,2025-03-08 01:19:15.542505,1,False,64.40478455210288,-4.676309815225654,0.0,False,False,True
440,0.7681308978786145,0,6.731707778497747,0,2025-03-08 01:19:16.542505,1,False,65.1729154499815,0.8792262956718521,0.0,False,False,False
441,-0.0653894961881862,0,-15.444520234918144,0,2025-03-08 01:19:17.542505,1,False,65.10752595379331,-0.8335203940668008,0.0,False,False,False
442,-4.134884200079753,0,-2.3169827830196414,0,2025-03-08 01:19:18.542505,1,False,60.97264175371356,-4.069494703891567,0.0,False,False,False
443,-0.1782400790255768,0,6.458590081410737,0,2025-03-08 01:19:19.542505,1,False,60.79440167468798,3.9566441210541763,0.0,False,False,False
444,-2.6089390010097064,0,-35.242924604877985,0,2025-03-08 01:19:20.542505,1,False,58.18546267367827,-2.4306989219841295,0.0,False,False,True
445,1.339345097660077,0,5.017488026671765,0,2025-03-08 01:19:21.542505,1,False,59.52480777133835,3.9482840986697836,0.0,False,False,False
446,0.7331964921936965,0,6.546376942396181,0,2025-03-08 01:19:22.542505,1,False,60.25800426353205,-0.6061486054663804,0.0,False,False,False
447,-1.8797595726547105,0,19.8951329698083,0,2025-03-08 01:19:23.542505,1,False,58.37824469087734,-2.612956064848407,0.0,False,False,False
448,-1.027733834673387,0,18.331849535595808,0,2025-03-08 01:19:24.542505,1,False,57.350510856203954,0.8520257379813234,0.0,False,False,False
449,-2.118427043777903,0,1.6675824043430432,0,2025-03-08 01:19:25.542505,1,False,55.23208381242605,-1.090693209104516,0.0,False,False,False
450,-0.1253581945463437,5,22.719553598705374,0,2025-03-08 01:19:26.542505,1,False,55.106725617879704,1.9930688492315594,0.09073301011097672,False,False,False
451,1.9102846410024763,5,30.535174785581344,0,2025-03-08 01:19:27.542505,1,False,57.01701025888218,2.03564283554882,0.08769311299148597,False,False,True
452,-1.9714520926710877,0,0.4192718286668989,0,2025-03-08 01:19:28.542505,1,False,55.045558166211094,-3.8817367336735638,0.0,False,False,False
453,1.0080930310356888,0,6.272806177016234,0,2025-03-08 01:19:29.542505,1,False,56.053651197246786,2.9795451237067763,0.0,False,False,False
454,-1.0605152367448816,0,-26.509460296658645,0,2025-03-08 01:19:30.542505,1,False,54.9931359605019,-2.0686082677805704,0.0,False,False,False
455,-1.5857456645246883,0,-21.76459893661632,0,2025-03-08 01:19:31.542505,1,False,53.407390295977216,-0.5252304277798068,0.0,False,False,False
456,-0.2140607199091156,0,-12.572944710142782,0,2025-03-08 01:19:32.542505,1,False,53.1933295760681,1.3716849446155728,0.0,False,False,False
457,-2.070484644838748,0,-6.654274567755801,0,2025-03-08 01:19:33.542505,1,False,51.12284493122935,-1.8564239249296326,0.0,False,False,False
458,-1.107298610694364,0,-16.441845371071025,0,2025-03-08 01:19:34.542505,1,False,50.01554632053499,0.9631860341443841,0.0,False,False,False
459,-2.395755785177697,0,-0.5399311796586298,0,2025-03-08 01:19:35.542505,1,False,47.61979053535729,-1.2884571744833329,0.0,False,False,False
460,3.9294502658327786,0,-6.205637515119277,0,2025-03-08 01:19:36.542505,1,False,51.54924080119007,6.3252060510104755,0.0,False,False,False
461,0.0705271039434572,0,16.06342847009423,0,2025-03-08 01:19:37.542505,1,False,51.61976790513352,-3.8589231618893214,0.0,False,False,False
462,-1.3994510159851707,0,-7.12160468225562,0,2025-03-08 01:19:38.542505,1,False,50.22031688914835,-1.469978119928628,0.0,False,False,False
463,0.4279598214684439,0,-34.300769223232415,0,2025-03-08 01:19:39.542505,1,False,50.64827671061679,1.8274108374536147,0.0,False,False,True
464,-0.2246560993816592,0,1.886267588031303,0,2025-03-08 01:19:40.542505,1,False,50.42362061123513,-0.6526159208501031,0.0,False,False,False
465,-0.4419391990664452,0,-0.2129703661700871,0,2025-03-08 01:19:41.542505,1,False,49.98168141216868,-0.21728309968478599,0.0,False,False,False
466,1.2283334000868504,0,-12.930748221067406,0,2025-03-08 01:19:42.542505,1,False,51.21001481225554,1.6702725991532956,0.0,False,False,False
467,1.5150154200946102,0,1.4249982524555556,0,2025-03-08 01:19:43.542505,1,False,52.72503023235015,0.2866820200077598,0.0,False,False,False
468,-1.061002295221055,0,-16.128968823395024,0,2025-03-08 01:19:44.542505,1,False,51.66402793712909,-2.576017715315665,0.0,False,False,False
469,-1.15163648128936,0,4.947599304350141,0,2025-03-08 01:19:45.542505,1,False,50.51239145583973,-0.09063418606830509,0.0,False,False,False
470,-0.550103394303288,0,39.49386655394777,0,2025-03-08 01:19:46.542505,1,False,49.96228806153645,0.601533086986072,0.0,False,False,True
471,-4.60384232947117,10,-27.084082093601495,0,2025-03-08 01:19:47.542505,1,False,45.35844573206528,-4.053738935167882,0.22046605949440853,False,False,False
472,-3.030382124397104,0,-7.743631305137405,1,2025-03-08 01:19:48.542505,1,False,42.32806360766817,1.5734602050740656,0.0,False,False,False
473,2.733748534889049,5,-10.147576821737038,0,2025-03-08 01:19:49.542505,1,False,45.061812142557216,5.7641306592861525,0.11095867326851631,False,False,False
474,3.2899354270025674,0,-6.498898252313154,0,2025-03-08 01:19:50.542505,1,False,48.351747569559784,0.5561868921135185,0.0,False,False,False
475,-0.4980720791127566,0,15.298868693954612,0,2025-03-08 01:19:51.542505,1,False,47.853675490447024,-3.7880075061153238,0.0,False,False,False
476,1.1531139261115328,0,8.142398389785367,0,2025-03-08 01:19:52.542505,1,False,49.006789416558554,1.6511860052242895,0.0,False,False,False
477,0.6225003090870722,0,12.731497539096354,0,2025-03-08 01:19:53.542505,1,False,49.62928972564563,-0.5306136170244606,0.0,False,False,False
478,6.157761616910475,0,0.4574325713039722,0,2025-03-08 01:19:54.542505,1,False,55.787051342556104,5.535261307823403,0.0,False,True,False
479,2.2391498228691535,5,-19.831489799172868,0,2025-03-08 01:19:55.542505,1,False,58.026201165425256,-3.918611794041322,0.0861679558182016,False,False,False
480,-0.255835182961533,0,-16.720280418899694,0,2025-03-08 01:19:56.542505,1,False,57.77036598246372,-2.4949850058306864,0.0,False,False,False
481,-1.9110808812008515,0,11.193895611998885,0,2025-03-08 01:19:57.542505,1,False,55.85928510126287,-1.6552456982393184,0.0,False,False,False
482,-3.212892640515145,10,2.5624784761994586,0,2025-03-08 01:19:58.542505,1,False,52.64639246074773,-1.3018117593142935,0.18994650218418688,False,False,False
483,0.4069272717344462,0,18.90311109118258,0,2025-03-08 01:19:59.542505,1,False,53.05331973248217,3.619819912249591,0.0,False,False,False
484,-1.5127014905686067,0,4.398931548701955,0,2025-03-08 01:20:00.542505,1,False,51.54061824191356,-1.919628762303053,0.0,False,False,False
485,-2.8445074191953483,0,-17.74522489998187,0,2025-03-08 01:20:01.542505,1,False,48.69611082271822,-1.3318059286267416,0.0,False,False,False
486,-1.2931457684850534,0,-7.828527212747328,0,2025-03-08 01:20:02.542505,1,False,47.402965054233164,1.551361650710295,0.0,False,False,False
487,-2.1630960072287904,0,8.47221224524395,0,2025-03-08 01:20:03.542505,1,False,45.239869047004376,-0.869950238743737,0.0,False,False,False
488,3.3742832701451295,0,10.654987443579383,0,2025-03-08 01:20:04.542505,1,False,48.614152317149504,5.53737927737392,0.0,False,False,False
489,1.763279513898901,0,12.82662948232032,0,2025-03-08 01:20:05.542505,1,False,50.377431831048405,-1.6110037562462285,0.0,False,False,False
490,-0.0159452826332347,0,-15.727861698077897,1,2025-03-08 01:20:06.542505,1,False,50.36148654841517,-1.7792247965321357,0.0,False,False,False
491,2.9598882777800526,0,19.736396595768497,0,2025-03-08 01:20:07.542505,1,False,53.321374826195225,2.9758335604132875,0.0,False,False,False
492,0.1547366152952366,0,-2.8470377962113105,0,2025-03-08 01:20:08.542505,1,False,53.47611144149046,-2.805151662484816,0.0,False,False,False
493,-1.722568402656527,5,21.601102748001814,0,2025-03-08 01:20:09.542505,1,False,51.75354303883393,-1.8773050179517636,0.0966117243437989,False,False,False
494,3.0462481545393145,5,-10.40802481212027,0,2025-03-08 01:20:10.542505,1,False,54.799791193373245,4.768816557195842,0.09124120692256513,False,False,False
495,1.0778200873693171,0,6.824578359014596,0,2025-03-08 01:20:11.542505,1,False,55.87761128074256,-1.9684280671699974,0.0,False,False,False
496,-2.074492308652913,5,6.825917084084475,0,2025-03-08 01:20:12.542505,1,False,53.80311897208965,-3.15231239602223,0.09293139814589124,False,False,False
497,-0.3806773561672164,0,11.4115912450592,0,2025-03-08 01:20:13.542505,1,False,53.42244161592243,1.6938149524856965,0.0,False,False,False
498,-1.7512365067695148,0,24.96660380922315,0,2025-03-08 01:20:14.542505,1,False,51.671205109152915,-1.3705591506022985,0.0,False,False,False
499,-2.765599461928673,0,23.42859637149159,0,2025-03-08 01:20:15.542505,1,False,48.90560564722424,-1.0143629551591582,0.0,False,False,False
500,1.8523550950632828,0,-8.919087507592577,0,2025-03-08 01:20:16.542505,1,False,50.75796074228752,4.617954556991956,0.0,False,False,False
501,3.818833280940261,0,-31.46843161963011,0,2025-03-08 01:20:17.542505,1,False,54.576794023227784,1.9664781858769782,0.0,False,False,True
502,-2.7971351476382824,0,30.924480500950807,0,2025-03-08 01:20:18.542505,1,False,51.779658875589504,-6.615968428578544,0.0,False,False,True
503,1.1259384733811415,0,1.1350844107085298,0,2025-03-08 01:20:19.542505,1,False,52.905597348970645,3.923073621019424,0.0,False,False,False
504,-1.3012851382436543,0,-5.424679165284856,0,2025-03-08 01:20:20.542505,1,False,51.60431221072699,-2.427223611624796,0.0,False,False,False
505,-0.9742507675293924,0,29.51848414392202,1,2025-03-08 01:20:21.542505,1,False,50.6300614431976,0.3270343707142619,0.0,False,False,False
506,-1.1847878484777383,0,0.2817045647467388,0,2025-03-08 01:20:22.542505,1,False,49.44527359471986,-0.2105370809483459,0.0,False,False,False
507,-1.727981539359632,0,9.805678203842907,0,2025-03-08 01:20:23.542505,1,False,47.717292055360225,-0.5431936908818937,0.0,False,False,False
508,0.0970432558896539,0,3.258214644710156,0,2025-03-08 01:20:24.542505,1,False,47.81433531124988,1.825024795249286,0.0,False,False,False
509,-1.6619002328220756,0,-5.199497752362337,0,2025-03-08 01:20:25.542505,1,False,46.1524350784278,-1.7589434887117295,0.0,False,False,False
510,0.5409136515596776,0,-28.87217516944,0,2025-03-08 01:20:26.542505,1,False,46.69334872998748,2.202813884381753,0.0,False,False,False
511,-0.1004762188982739,0,-1.1792645781222793,0,2025-03-08 01:20:27.542505,1,False,46.592872511089205,-0.6413898704579515,0.0,False,False,False
512,-0.4778960937328195,0,88.28021646469367,0,2025-03-08 01:20:28.542505,1,False,46.11497641735639,-0.3774198748345456,0.0,False,False,True
513,-1.815127324083196,0,-18.66687599756751,1,2025-03-08 01:20:29.542505,1,False,44.299849093273195,-1.3372312303503766,0.0,False,False,False
514,-1.1535426611366657,0,-27.223095665613368,0,2025-03-08 01:20:30.542505,1,False,43.14630643213653,0.6615846629465303,0.0,False,False,False
515,1.510782451651512,0,29.045839538533652,0,2025-03-08 01:20:31.542505,1,False,44.65708888378804,2.6643251127881777,0.0,False,False,False
516,1.0018343752487615,0,11.131244548040025,0,2025-03-08 01:20:32.542505,1,False,45.658923259036804,-0.5089480764027505,0.0,False,False,False
517,-1.955110489597102,0,2.811298207851547,0,2025-03-08 01:20:33.542505,1,False,43.7038127694397,-2.9569448648458634,0.0,False,False,False
518,0.1986646108584517,0,20.440107935505868,0,2025-03-08 01:20:34.542505,1,False,43.90247738029815,2.1537751004555536,0.0,False,False,False
519,1.502774246743578,0,-12.47252914434145,0,2025-03-08 01:20:35.542505,1,False,45.40525162704173,1.3041096358851263,0.0,False,False,False
520,-3.3388105622427435,0,-1.5989214137197767,0,2025-03-08 01:20:36.542505,1,False,42.06644106479899,-4.841584808986322,0.0,False,False,False
521,1.08672038475987,0,14.327311753512348,0,2025-03-08 01:20:37.542505,1,False,43.15316144955886,4.425530947002613,0.0,False,False,False
522,-1.3252475178916934,0,31.655315517305933,0,2025-03-08 01:20:38.542505,1,False,41.82791393166716,-2.4119679026515635,0.0,False,False,True
523,1.1411973371863189,0,-17.528164719849126,0,2025-03-08 01:20:39.542505,1,False,42.96911126885348,2.466444855078012,0.0,False,False,False
524,-1.5265183130850335,0,19.21101687840591,0,2025-03-08 01:20:40.542505,1,False,41.44259295576845,-2.6677156502713526,0.0,False,False,False
525,-3.609764201329038,0,5.727585912614758,0,2025-03-08 01:20:41.542505,1,False,37.83282875443941,-2.0832458882440044,0.0,False,False,False
526,-3.2550848757663253,0,2.445916011441241,0,2025-03-08 01:20:42.542505,1,False,34.57774387867309,0.35467932556271276,0.0,False,False,False
527,0.0961698933227639,0,-0.1159383338210726,0,2025-03-08 01:20:43.542505,1,False,34.673913771995856,3.3512547690890893,0.0,False,False,False
528,0.5194450034429637,0,-20.76969931041905,0,2025-03-08 01:20:44.542505,1,False,35.19335877543882,0.4232751101201998,0.0,False,False,False
529,-1.8086332502088172,0,14.446334973195484,0,2025-03-08 01:20:45.542505,1,False,33.38472552523,-2.328078253651781,0.0,False,False,False
530,1.2771849175547478,0,-11.73403530489492,0,2025-03-08 01:20:46.542505,1,False,34.66191044278475,3.085818167763565,0.0,False,False,False
531,-3.3230401245379197,0,-16.19536053753521,0,2025-03-08 01:20:47.542505,1,False,31.338870318246833,-4.600225042092667,0.0,False,False,False
532,-0.1321595972946331,0,13.28188438350507,0,2025-03-08 01:20:48.542505,1,False,31.2067107209522,3.1908805272432867,0.0,False,False,False
533,-2.422032399524913,10,11.837010377200178,0,2025-03-08 01:20:49.542505,1,False,28.784678321427286,-2.28987280223028,0.3474069230256703,False,False,False
534,7.8038925214328865,0,1.1850012541659367,0,2025-03-08 01:20:50.542505,1,False,36.58857084286017,10.2259249209578,0.0,False,True,False
535,0.094797342632828,0,16.193154312174624,0,2025-03-08 01:20:51.542505,1,False,36.683368185493,-7.709095178800059,0.0,False,False,False
536,-1.7208267305679048,0,21.38904872218673,0,2025-03-08 01:20:52.542505,1,False,34.962541454925095,-1.8156240732007327,0.0,False,False,False
537,-0.7691110884596507,0,19.62336116738311,0,2025-03-08 01:20:53.542505,1,False,34.19343036646544,0.9517156421082541,0.0,False,False,False
538,2.012585618428881,0,-7.924184601029699,0,2025-03-08 01:20:54.542505,1,False,36.20601598489432,2.781696706888532,0.0,False,False,False
539,-1.1537837390462975,0,15.21157396919568,0,2025-03-08 01:20:55.542505,1,False,35.052232245848025,-3.166369357475179,0.0,False,False,False
540,1.6713842241302836,0,3.174614662629733,0,2025-03-08 01:20:56.542505,1,False,36.72361646997831,2.825167963176581,0.0,False,False,False
541,-2.259413709315236,0,25.88861655528562,0,2025-03-08 01:20:57.542505,1,False,34.46420276066307,-3.93079793344552,0.0,False,False,False
542,1.0596083558305656,0,-1.8559250440075936,0,2025-03-08 01:20:58.542505,1,False,35.52381111649363,3.319022065145802,0.0,False,False,False
543,2.8831372413158007,0,-5.347074560524953,0,2025-03-08 01:20:59.542505,1,False,38.40694835780943,1.8235288854852352,0.0,False,False,False
544,-4.943289000254579,0,-9.20695315264315,0,2025-03-08 01:21:00.542505,1,False,33.46365935755485,-7.826426241570379,0.0,False,False,False
545,-1.5937905109409536,0,2.8393184135333316,0,2025-03-08 01:21:01.542505,1,False,31.8698688466139,3.349498489313625,0.0,False,False,False
546,1.15414425436108,0,7.000882013881559,0,2025-03-08 01:21:02.542505,1,False,33.02401310097498,2.7479347653020336,0.0,False,False,False
547,-0.4060907720859854,0,7.289434243909066,0,2025-03-08 01:21:03.542505,1,False,32.617922328888994,-1.5602350264470655,0.0,False,False,False
548,0.7422917467426177,0,5.237588104677849,0,2025-03-08 01:21:04.542505,1,False,33.36021407563161,1.148382518828603,0.0,False,False,False
549,-1.2079703734316412,0,10.065555190197088,0,2025-03-08 01:21:05.542505,1,False,32.15224370219997,-1.950262120174259,0.0,False,False,False
550,0.1731795749457998,0,-3.338127538715971,0,2025-03-08 01:21:06.542505,1,False,32.32542327714577,1.381149948377441,0.0,False,False,False
551,-0.3113544707841589,0,-13.087729733878067,0,2025-03-08 01:21:07.542505,1,False,32.01406880636161,-0.48453404572995873,0.0,False,False,False
552,2.3355641233196147,0,-14.397419953704718,0,2025-03-08 01:21:08.542505,1,False,34.34963292968122,2.6469185941037736,0.0,False,False,False
553,0.5088416866024262,0,14.625766429552026,0,2025-03-08 01:21:09.542505,1,False,34.858474616283644,-1.8267224367171884,0.0,False,False,False
554,0.6752053241504044,0,7.054834657924348,0,2025-03-08 01:21:10.542505,1,False,35.53367994043405,0.16636363754797812,0.0,False,False,False
555,-0.8237539322449348,5,-27.83756656425486,0,2025-03-08 01:21:11.542505,1,False,34.709926008189115,-1.4989592563953391,0.1440509714227174,False,False,False
556,-0.9752124481449872,0,16.45130140199911,0,2025-03-08 01:21:12.542505,1,False,33.73471356004413,-0.15145851590005244,0.0,False,False,False
557,-0.8651163756392418,0,28.20652719603983,0,2025-03-08 01:21:13.542505,1,False,32.86959718440489,0.11009607250574538,0.0,False,False,False
558,0.7889042847565937,0,-10.738752761377992,0,2025-03-08 01:21:14.542505,1,False,33.65850146916148,1.6540206603958354,0.0,False,False,False
559,-0.8419689616405259,0,5.042400694140616,0,2025-03-08 01:21:15.542505,1,False,32.816532507520954,-1.6308732463971196,0.0,False,False,False
560,0.5795497137928257,5,-7.101871404485396,0,2025-03-08 01:21:16.542505,1,False,33.396082221313776,1.4215186754333518,0.1497181157263945,False,False,False
561,4.150801597290877,0,9.424603882067505,0,2025-03-08 01:21:17.542505,1,False,37.546883818604655,3.571251883498051,0.0,False,False,False
562,1.7422494068633847,10,-17.490133336128377,0,2025-03-08 01:21:18.542505,1,False,39.28913322546804,-2.408552190427492,0.25452323922191794,False,False,False
563,-0.6520470643356823,0,-1.0716848564817107,0,2025-03-08 01:21:19.542505,1,False,38.63708616113236,-2.394296471199067,0.0,False,False,False
564,2.4024278443278897,0,14.719711919981718,0,2025-03-08 01:21:20.542505,1,False,41.03951400546025,3.054474908663572,0.0,False,False,False
565,5.446393002398809,0,18.535676089482596,1,2025-03-08 01:21:21.542505,1,False,46.485907007859055,3.043965158070919,0.0,False,True,False
566,-4.076249070355708,5,6.39743728379533,0,2025-03-08 01:21:22.542505,1,False,42.40965793750335,-9.522642072754516,0.11789764558798733,False,False,False
567,3.311958101035257,0,-5.0856795481460875,0,2025-03-08 01:21:23.542505,1,False,45.721616038538606,7.388207171390965,0.0,False,False,False
568,-3.7415838420517114,0,-23.88901626515413,0,2025-03-08 01:21:24.542505,1,False,41.980032196486896,-7.053541943086968,0.0,False,False,False
569,-0.7030269680826173,0,-11.363245668589226,0,2025-03-08 01:21:25.542505,1,False,41.27700522840428,3.0385568739690942,0.0,False,False,False
570,6.954898060407213,5,-7.039101071321706,0,2025-03-08 01:21:26.542505,1,False,48.23190328881149,7.65792502848983,0.10366580255815533,False,True,False
571,3.3528746245505654,0,-10.466006749524212,0,2025-03-08 01:21:27.542505,1,False,51.58477791336205,-3.602023435856647,0.0,False,False,False
572,0.6538547475283253,0,0.8932945247042309,0,2025-03-08 01:21:28.542505,1,False,52.23863266089038,-2.69901987702224,0.0,False,False,False
573,-0.4382010576177285,0,-5.1283160425692795,0,2025-03-08 01:21:29.542505,1,False,51.800431603272656,-1.0920558051460538,0.0,False,False,False
574,1.6588111623669783,0,2.5818205850316462,0,2025-03-08 01:21:30.542505,1,False,53.45924276563964,2.0970122199847068,0.0,False,False,False
575,-4.42227061801577,0,18.03940951571495,0,2025-03-08 01:21:31.542505,1,False,49.036972147623864,-6.081081780382749,0.0,False,False,False
576,0.4712291162171318,0,-6.096933318440424,0,2025-03-08 01:21:32.542505,1,False,49.508201263840995,4.893499734232902,0.0,False,False,False
577,1.5417303877739337,0,-20.743004658813373,0,2025-03-08 01:21:33.542505,1,False,51.049931651614926,1.0705012715568019,0.0,False,False,False
578,-2.957172491559683,5,-10.525613971873124,0,2025-03-08 01:21:34.542505,1,False,48.092759160055245,-4.498902879333617,0.10396573304730569,False,False,False
579,2.287508086413858,0,8.753827049599078,0,2025-03-08 01:21:35.542505,1,False,50.3802672464691,5.244680577973542,0.0,False,False,False
580,0.6769928149888282,5,10.169156774290098,0,2025-03-08 01:21:36.542505,1,False,51.05726006145793,-1.61051527142503,0.09792924678466888,False,False,False
581,-0.8305758278016026,0,6.091277955243513,0,2025-03-08 01:21:37.542505,1,False,50.22668423365633,-1.5075686427904307,0.0,False,False,False
582,1.2655637322125697,20,19.511059588320236,0,2025-03-08 01:21:38.542505,1,False,51.4922479658689,2.0961395600141723,0.3884079042184708,True,False,False
583,4.541385715608792,0,-2.795446048154782,0,2025-03-08 01:21:39.542505,1,False,56.03363368147769,3.275821983396222,0.0,False,False,False
584,0.3637325101169903,0,30.78249222013986,0,2025-03-08 01:21:40.542505,1,False,56.39736619159468,-4.177653205491802,0.0,False,False,True
585,0.4964411726006721,0,12.272807041588605,0,2025-03-08 01:21:41.542505,1,False,56.89380736419535,0.1327086624836818,0.0,False,False,False
586,-0.9187217990804882,0,-37.85231205311816,0,2025-03-08 01:21:42.542505,1,False,55.97508556511486,-1.4151629716811605,0.0,False,False,True
587,-1.6996887389295836,0,27.009879449453493,0,2025-03-08 01:21:43.542505,1,False,54.27539682618528,-0.7809669398490954,0.0,False,False,False
588,1.6606716330884912,0,-11.504799152035826,0,2025-03-08 01:21:44.542505,1,False,55.93606845927377,3.360360372018075,0.0,False,False,False
589,-1.7121676518177344,0,-15.511517841853962,0,2025-03-08 01:21:45.542505,1,False,54.22390080745603,-3.3728392849062256,0.0,False,False,False
590,0.1431324744387849,0,7.856566647493405,0,2025-03-08 01:21:46.542505,1,False,54.36703328189482,1.8553001262565194,0.0,False,False,False
591,-0.9553148935302334,0,-26.072707085048147,0,2025-03-08 01:21:47.542505,1,False,53.411718388364584,-1.0984473679690183,0.0,False,False,False
592,0.957959651492784,0,-10.432038469824198,0,2025-03-08 01:21:48.542505,1,False,54.36967803985737,1.9132745450230173,0.0,False,False,False
593,0.6673242105738969,0,23.356478109363103,0,2025-03-08 01:21:49.542505,1,False,55.037002250431264,-0.29063544091888704,0.0,False,False,False
594,2.075079888515799,20,8.343263684962539,0,2025-03-08 01:21:50.542505,1,False,57.112082138947066,1.407755677941902,0.35018853715500964,True,False,False
595,-1.0200327977094945,10,12.183596714088296,0,2025-03-08 01:21:51.542505,1,False,56.09204934123757,-3.0951126862252933,0.17827835378916518,False,False,False
596,-0.5397498705867425,5,-9.85365900746211,0,2025-03-08 01:21:52.542505,1,False,55.55229947065083,0.480282927122752,0.09000525896482449,False,False,False
597,-1.9575274315646147,0,-23.075549984521547,0,2025-03-08 01:21:53.542505,1,False,53.594772039086216,-1.4177775609778722,0.0,False,False,False
598,-0.8885865201522227,0,10.602261439706012,0,2025-03-08 01:21:54.542505,1,False,52.70618551893399,1.068940911412392,0.0,False,False,False
599,0.7546009860897039,0,13.953842343629256,0,2025-03-08 01:21:55.542505,1,False,53.4607865050237,1.6431875062419268,0.0,False,False,False
